record_id,pack_en,pack_es,collector_number,name_en,name_es,category,set_en,set_es,source_en,source_es,marvelcdb_code,marvelcdb_alternate_codes,match_status
core-set-1-spider-man,Core Set,Caja básica,1,Spider-Man,Spiderman,Player,Spider-Man,Spiderman,https://marvelcdb.com/set/core,https://es.marvelcdb.com/set/core,01001a,01001b,verified-upstream-json-2026-09-07
core-set-2-black-cat-felicia-hardy,Core Set,Caja básica,2,Black Cat: Felicia Hardy,Gata Negra: Felicia Hardy,Player,Spider-Man,Spiderman,https://marvelcdb.com/set/core,https://es.marvelcdb.com/set/core,01002,,derived-core-code-requires-api-fixture-check
core-set-3-backflip,Core Set,Caja básica,3,Backflip,Voltereta hacia atrás,Player,Spider-Man,Spiderman,https://marvelcdb.com/set/core,https://es.marvelcdb.com/set/core,01003,,derived-core-code-requires-api-fixture-check
core-set-4-enhanced-spider-sense,Core Set,Caja básica,4,Enhanced Spider-Sense,Sentido arácnido mejorado,Player,Spider-Man,Spiderman,https://marvelcdb.com/set/core,https://es.marvelcdb.com/set/core,01004,,derived-core-code-requires-api-fixture-check
core-set-5-swinging-web-kick,Core Set,Caja básica,5,Swinging Web Kick,Balanceo con patada,Player,Spider-Man,Spiderman,https://marvelcdb.com/set/core,https://es.marvelcdb.com/set/core,01005,,derived-core-code-requires-api-fixture-check
core-set-6-aunt-may,Core Set,Caja básica,6,Aunt May,Tía May,Player,Spider-Man,Spiderman,https://marvelcdb.com/set/core,https://es.marvelcdb.com/set/core,01006,,derived-core-code-requires-api-fixture-check
core-set-7-spider-tracer,Core Set,Caja básica,7,Spider-Tracer,Rastreador arácnido,Player,Spider-Man,Spiderman,https://marvelcdb.com/set/core,https://es.marvelcdb.com/set/core,01007,,derived-core-code-requires-api-fixture-check
core-set-8-web-shooter,Core Set,Caja básica,8,Web-Shooter,Lanzarredes,Player,Spider-Man,Spiderman,https://marvelcdb.com/set/core,https://es.marvelcdb.com/set/core,01008,,derived-core-code-requires-api-fixture-check
core-set-9-webbed-up,Core Set,Caja básica,9,Webbed Up,Envuelto en telaraña,Player,Spider-Man,Spiderman,https://marvelcdb.com/set/core,https://es.marvelcdb.com/set/core,01009,,derived-core-code-requires-api-fixture-check
core-set-10-captain-marvel,Core Set,Caja básica,10,Captain Marvel,Capitana Marvel,Player,Captain Marvel,Capitana Marvel,https://marvelcdb.com/set/core,https://es.marvelcdb.com/set/core,01010a,01010b,verified-upstream-json-2026-09-07
core-set-11-spider-woman-jessica-drew,Core Set,Caja básica,11,Spider-Woman: Jessica Drew,Spiderwoman: Jessica Drew,Player,Captain Marvel,Capitana Marvel,https://marvelcdb.com/set/core,https://es.marvelcdb.com/set/core,01011,,derived-core-code-requires-api-fixture-check
core-set-12-crisis-interdiction,Core Set,Caja básica,12,Crisis Interdiction,Evitar una crisis,Player,Captain Marvel,Capitana Marvel,https://marvelcdb.com/set/core,https://es.marvelcdb.com/set/core,01012,,derived-core-code-requires-api-fixture-check
core-set-13-photonic-blast,Core Set,Caja básica,13,Photonic Blast,Rayo fotónico,Player,Captain Marvel,Capitana Marvel,https://marvelcdb.com/set/core,https://es.marvelcdb.com/set/core,01013,,derived-core-code-requires-api-fixture-check
core-set-14-energy-absorption,Core Set,Caja básica,14,Energy Absorption,Absorción de energía,Player,Captain Marvel,Capitana Marvel,https://marvelcdb.com/set/core,https://es.marvelcdb.com/set/core,01014,,derived-core-code-requires-api-fixture-check
core-set-15-alpha-flight-station,Core Set,Caja básica,15,Alpha Flight Station,Base orbital de Alpha Flight,Player,Captain Marvel,Capitana Marvel,https://marvelcdb.com/set/core,https://es.marvelcdb.com/set/core,01015,,derived-core-code-requires-api-fixture-check
core-set-16-captain-marvel-s-helmet,Core Set,Caja básica,16,Captain Marvel's Helmet,Casco de la Capitana Marvel,Player,Captain Marvel,Capitana Marvel,https://marvelcdb.com/set/core,https://es.marvelcdb.com/set/core,01016,,derived-core-code-requires-api-fixture-check
core-set-17-cosmic-flight,Core Set,Caja básica,17,Cosmic Flight,Vuelo cósmico,Player,Captain Marvel,Capitana Marvel,https://marvelcdb.com/set/core,https://es.marvelcdb.com/set/core,01017,,derived-core-code-requires-api-fixture-check
core-set-18-energy-channel,Core Set,Caja básica,18,Energy Channel,Canalizar energía,Player,Captain Marvel,Capitana Marvel,https://marvelcdb.com/set/core,https://es.marvelcdb.com/set/core,01018,,derived-core-code-requires-api-fixture-check
core-set-19-she-hulk,Core Set,Caja básica,19,She-Hulk,Hulka,Player,She-Hulk,Hulka,https://marvelcdb.com/set/core,https://es.marvelcdb.com/set/core,01019a,01019b,verified-upstream-json-2026-09-07
core-set-20-hellcat-patsy-walker,Core Set,Caja básica,20,Hellcat: Patsy Walker,Gata Infernal: Patsy Walker,Player,She-Hulk,Hulka,https://marvelcdb.com/set/core,https://es.marvelcdb.com/set/core,01020,,derived-core-code-requires-api-fixture-check
core-set-21-gamma-slam,Core Set,Caja básica,21,Gamma Slam,Apisonadora gamma,Player,She-Hulk,Hulka,https://marvelcdb.com/set/core,https://es.marvelcdb.com/set/core,01021,,derived-core-code-requires-api-fixture-check
core-set-22-ground-stomp,Core Set,Caja básica,22,Ground Stomp,Pisotón,Player,She-Hulk,Hulka,https://marvelcdb.com/set/core,https://es.marvelcdb.com/set/core,01022,,derived-core-code-requires-api-fixture-check
core-set-23-legal-practice,Core Set,Caja básica,23,Legal Practice,Proceso judicial,Player,She-Hulk,Hulka,https://marvelcdb.com/set/core,https://es.marvelcdb.com/set/core,01023,,derived-core-code-requires-api-fixture-check
core-set-24-one-two-punch,Core Set,Caja básica,24,One-Two Punch,Sucesión de puñetazos,Player,She-Hulk,Hulka,https://marvelcdb.com/set/core,https://es.marvelcdb.com/set/core,01024,,derived-core-code-requires-api-fixture-check
core-set-25-split-personality,Core Set,Caja básica,25,Split Personality,Doble personalidad,Player,She-Hulk,Hulka,https://marvelcdb.com/set/core,https://es.marvelcdb.com/set/core,01025,,derived-core-code-requires-api-fixture-check
core-set-26-superhuman-law-division,Core Set,Caja básica,26,Superhuman Law Division,División de Derecho Superhumano,Player,She-Hulk,Hulka,https://marvelcdb.com/set/core,https://es.marvelcdb.com/set/core,01026,,derived-core-code-requires-api-fixture-check
core-set-27-focused-rage,Core Set,Caja básica,27,Focused Rage,Furia concentrada,Player,She-Hulk,Hulka,https://marvelcdb.com/set/core,https://es.marvelcdb.com/set/core,01027,,derived-core-code-requires-api-fixture-check
core-set-28-superhuman-strength,Core Set,Caja básica,28,Superhuman Strength,Fuerza sobrehumana,Player,She-Hulk,Hulka,https://marvelcdb.com/set/core,https://es.marvelcdb.com/set/core,01028,,derived-core-code-requires-api-fixture-check
core-set-29-iron-man,Core Set,Caja básica,29,Iron Man,Iron Man,Player,Iron Man,Iron Man,https://marvelcdb.com/set/core,https://es.marvelcdb.com/set/core,01029a,01029b,verified-upstream-json-2026-09-07
core-set-30-war-machine-james-rhodes,Core Set,Caja básica,30,War Machine: James Rhodes,Máquina de Guerra: James Rhodes,Player,Iron Man,Iron Man,https://marvelcdb.com/set/core,https://es.marvelcdb.com/set/core,01030,,derived-core-code-requires-api-fixture-check
core-set-31-repulsor-blast,Core Set,Caja básica,31,Repulsor Blast,Rayo repulsor,Player,Iron Man,Iron Man,https://marvelcdb.com/set/core,https://es.marvelcdb.com/set/core,01031,,derived-core-code-requires-api-fixture-check
core-set-32-supersonic-punch,Core Set,Caja básica,32,Supersonic Punch,Puñetazo supersónico,Player,Iron Man,Iron Man,https://marvelcdb.com/set/core,https://es.marvelcdb.com/set/core,01032,,derived-core-code-requires-api-fixture-check
core-set-33-pepper-potts,Core Set,Caja básica,33,Pepper Potts,Pepper Potts,Player,Iron Man,Iron Man,https://marvelcdb.com/set/core,https://es.marvelcdb.com/set/core,01033,,derived-core-code-requires-api-fixture-check
core-set-34-stark-tower,Core Set,Caja básica,34,Stark Tower,Torre Stark,Player,Iron Man,Iron Man,https://marvelcdb.com/set/core,https://es.marvelcdb.com/set/core,01034,,derived-core-code-requires-api-fixture-check
core-set-35-arc-reactor,Core Set,Caja básica,35,Arc Reactor,Reactor ARK,Player,Iron Man,Iron Man,https://marvelcdb.com/set/core,https://es.marvelcdb.com/set/core,01035,,derived-core-code-requires-api-fixture-check
core-set-36-mark-v-armor,Core Set,Caja básica,36,Mark V Armor,Armadura Mark V,Player,Iron Man,Iron Man,https://marvelcdb.com/set/core,https://es.marvelcdb.com/set/core,01036,,derived-core-code-requires-api-fixture-check
core-set-37-mark-v-helmet,Core Set,Caja básica,37,Mark V Helmet,Casco Mark V,Player,Iron Man,Iron Man,https://marvelcdb.com/set/core,https://es.marvelcdb.com/set/core,01037,,derived-core-code-requires-api-fixture-check
core-set-38-powered-gauntlets,Core Set,Caja básica,38,Powered Gauntlets,Guanteletes potenciados,Player,Iron Man,Iron Man,https://marvelcdb.com/set/core,https://es.marvelcdb.com/set/core,01038,,derived-core-code-requires-api-fixture-check
core-set-39-rocket-boots,Core Set,Caja básica,39,Rocket Boots,Botas propulsoras,Player,Iron Man,Iron Man,https://marvelcdb.com/set/core,https://es.marvelcdb.com/set/core,01039,,derived-core-code-requires-api-fixture-check
core-set-40-black-panther,Core Set,Caja básica,40,Black Panther,Pantera Negra,Player,Black Panther,Pantera Negra,https://marvelcdb.com/set/core,https://es.marvelcdb.com/set/core,01040a,01040b,verified-upstream-json-2026-09-07
core-set-41-shuri,Core Set,Caja básica,41,Shuri,Shuri,Player,Black Panther,Pantera Negra,https://marvelcdb.com/set/core,https://es.marvelcdb.com/set/core,01041,,derived-core-code-requires-api-fixture-check
core-set-42-ancestral-knowledge,Core Set,Caja básica,42,Ancestral Knowledge,Sabiduría ancestral,Player,Black Panther,Pantera Negra,https://marvelcdb.com/set/core,https://es.marvelcdb.com/set/core,01042,,derived-core-code-requires-api-fixture-check
core-set-43-wakanda-forever,Core Set,Caja básica,43,Wakanda Forever!,¡Wakanda por siempre!,Player,Black Panther,Pantera Negra,https://marvelcdb.com/set/core,https://es.marvelcdb.com/set/core,01043a,01043b|01043c|01043d,verified-upstream-json-2026-09-07
core-set-44-vibranium,Core Set,Caja básica,44,Vibranium,Vibránium,Player,Black Panther,Pantera Negra,https://marvelcdb.com/set/core,https://es.marvelcdb.com/set/core,01044,,derived-core-code-requires-api-fixture-check
core-set-45-the-golden-city,Core Set,Caja básica,45,The Golden City,La Ciudad Dorada,Player,Black Panther,Pantera Negra,https://marvelcdb.com/set/core,https://es.marvelcdb.com/set/core,01045,,derived-core-code-requires-api-fixture-check
core-set-46-energy-daggers,Core Set,Caja básica,46,Energy Daggers,Dagas de energía,Player,Black Panther,Pantera Negra,https://marvelcdb.com/set/core,https://es.marvelcdb.com/set/core,01046,,derived-core-code-requires-api-fixture-check
core-set-47-panther-claws,Core Set,Caja básica,47,Panther Claws,Garras de pantera,Player,Black Panther,Pantera Negra,https://marvelcdb.com/set/core,https://es.marvelcdb.com/set/core,01047,,derived-core-code-requires-api-fixture-check
core-set-48-tactical-genius,Core Set,Caja básica,48,Tactical Genius,Ingenio táctico,Player,Black Panther,Pantera Negra,https://marvelcdb.com/set/core,https://es.marvelcdb.com/set/core,01048,,derived-core-code-requires-api-fixture-check
core-set-49-vibranium-suit,Core Set,Caja básica,49,Vibranium Suit,Traje de vibránium,Player,Black Panther,Pantera Negra,https://marvelcdb.com/set/core,https://es.marvelcdb.com/set/core,01049,,derived-core-code-requires-api-fixture-check
core-set-50-hulk-bruce-banner,Core Set,Caja básica,50,Hulk: Bruce Banner,Hulk: Bruce Banner,Player,Aggression,Agresividad,https://marvelcdb.com/set/core,https://es.marvelcdb.com/set/core,01050,,derived-core-code-requires-api-fixture-check
core-set-51-tigra-greer-grant-nelson,Core Set,Caja básica,51,Tigra: Greer Grant Nelson,Tigra: Greer Grant Nelson,Player,Aggression,Agresividad,https://marvelcdb.com/set/core,https://es.marvelcdb.com/set/core,01051,,derived-core-code-requires-api-fixture-check
core-set-52-chase-them-down,Core Set,Caja básica,52,Chase Them Down,A por ellos,Player,Aggression,Agresividad,https://marvelcdb.com/set/core,https://es.marvelcdb.com/set/core,01052,,derived-core-code-requires-api-fixture-check
core-set-53-relentless-assault,Core Set,Caja básica,53,Relentless Assault,Asalto implacable,Player,Aggression,Agresividad,https://marvelcdb.com/set/core,https://es.marvelcdb.com/set/core,01053,,derived-core-code-requires-api-fixture-check
core-set-54-uppercut,Core Set,Caja básica,54,Uppercut,Gancho,Player,Aggression,Agresividad,https://marvelcdb.com/set/core,https://es.marvelcdb.com/set/core,01054,,derived-core-code-requires-api-fixture-check
core-set-55-the-power-of-aggression,Core Set,Caja básica,55,The Power of Aggression,El poder de la agresividad,Player,Aggression,Agresividad,https://marvelcdb.com/set/core,https://es.marvelcdb.com/set/core,01055,,derived-core-code-requires-api-fixture-check
core-set-56-tac-team,Core Set,Caja básica,56,Tac Team,Unidad táctica,Player,Aggression,Agresividad,https://marvelcdb.com/set/core,https://es.marvelcdb.com/set/core,01056,,derived-core-code-requires-api-fixture-check
core-set-57-combat-training,Core Set,Caja básica,57,Combat Training,Entrenamiento de combate,Player,Aggression,Agresividad,https://marvelcdb.com/set/core,https://es.marvelcdb.com/set/core,01057,,derived-core-code-requires-api-fixture-check
core-set-58-daredevil-matt-murdock,Core Set,Caja básica,58,Daredevil: Matt Murdock,Daredevil: Matt Murdock,Player,Justice,Justicia,https://marvelcdb.com/set/core,https://es.marvelcdb.com/set/core,01058,,derived-core-code-requires-api-fixture-check
core-set-59-jessica-jones,Core Set,Caja básica,59,Jessica Jones,Jessica Jones,Player,Justice,Justicia,https://marvelcdb.com/set/core,https://es.marvelcdb.com/set/core,01059,,derived-core-code-requires-api-fixture-check
core-set-60-for-justice,Core Set,Caja básica,60,For Justice!,¡Por la justicia!,Player,Justice,Justicia,https://marvelcdb.com/set/core,https://es.marvelcdb.com/set/core,01060,,derived-core-code-requires-api-fixture-check
core-set-61-great-responsibility,Core Set,Caja básica,61,Great Responsibility,Una gran responsabilidad,Player,Justice,Justicia,https://marvelcdb.com/set/core,https://es.marvelcdb.com/set/core,01061,,derived-core-code-requires-api-fixture-check
core-set-62-the-power-of-justice,Core Set,Caja básica,62,The Power of Justice,El poder de la justicia,Player,Justice,Justicia,https://marvelcdb.com/set/core,https://es.marvelcdb.com/set/core,01062,,derived-core-code-requires-api-fixture-check
core-set-63-interrogation-room,Core Set,Caja básica,63,Interrogation Room,Sala de interrogatorios,Player,Justice,Justicia,https://marvelcdb.com/set/core,https://es.marvelcdb.com/set/core,01063,,derived-core-code-requires-api-fixture-check
core-set-64-surveillance-team,Core Set,Caja básica,64,Surveillance Team,Equipo de vigilancia,Player,Justice,Justicia,https://marvelcdb.com/set/core,https://es.marvelcdb.com/set/core,01064,,derived-core-code-requires-api-fixture-check
core-set-65-heroic-intuition,Core Set,Caja básica,65,Heroic Intuition,Intuición heroica,Player,Justice,Justicia,https://marvelcdb.com/set/core,https://es.marvelcdb.com/set/core,01065,,derived-core-code-requires-api-fixture-check
core-set-66-hawkeye-clint-barton,Core Set,Caja básica,66,Hawkeye: Clint Barton,Ojo de Halcón: Clint Barton,Player,Leadership,Liderazgo,https://marvelcdb.com/set/core,https://es.marvelcdb.com/set/core,01066,,derived-core-code-requires-api-fixture-check
core-set-67-maria-hill,Core Set,Caja básica,67,Maria Hill,María Hill,Player,Leadership,Liderazgo,https://marvelcdb.com/set/core,https://es.marvelcdb.com/set/core,01067,,derived-core-code-requires-api-fixture-check
core-set-68-vision,Core Set,Caja básica,68,Vision,La Visión,Player,Leadership,Liderazgo,https://marvelcdb.com/set/core,https://es.marvelcdb.com/set/core,01068,,derived-core-code-requires-api-fixture-check
core-set-69-get-ready,Core Set,Caja básica,69,Get Ready,Preparación,Player,Leadership,Liderazgo,https://marvelcdb.com/set/core,https://es.marvelcdb.com/set/core,01069,,derived-core-code-requires-api-fixture-check
core-set-70-lead-from-the-front,Core Set,Caja básica,70,Lead from the Front,Liderar en vanguardia,Player,Leadership,Liderazgo,https://marvelcdb.com/set/core,https://es.marvelcdb.com/set/core,01070,,derived-core-code-requires-api-fixture-check
core-set-71-make-the-call,Core Set,Caja básica,71,Make the Call,Hacer la llamada,Player,Leadership,Liderazgo,https://marvelcdb.com/set/core,https://es.marvelcdb.com/set/core,01071,,derived-core-code-requires-api-fixture-check
core-set-72-the-power-of-leadership,Core Set,Caja básica,72,The Power of Leadership,El poder del liderazgo,Player,Leadership,Liderazgo,https://marvelcdb.com/set/core,https://es.marvelcdb.com/set/core,01072,,derived-core-code-requires-api-fixture-check
core-set-73-the-triskelion,Core Set,Caja básica,73,The Triskelion,El Triskelion,Player,Leadership,Liderazgo,https://marvelcdb.com/set/core,https://es.marvelcdb.com/set/core,01073,,derived-core-code-requires-api-fixture-check
core-set-74-inspired,Core Set,Caja básica,74,Inspired,Inspiración,Player,Leadership,Liderazgo,https://marvelcdb.com/set/core,https://es.marvelcdb.com/set/core,01074,,derived-core-code-requires-api-fixture-check
core-set-75-black-widow-natasha-romanoff,Core Set,Caja básica,75,Black Widow: Natasha Romanoff,Viuda Negra: Natasha Romanoff,Player,Protection,Protección,https://marvelcdb.com/set/core,https://es.marvelcdb.com/set/core,01075,,derived-core-code-requires-api-fixture-check
core-set-76-luke-cage,Core Set,Caja básica,76,Luke Cage,Luke Cage,Player,Protection,Protección,https://marvelcdb.com/set/core,https://es.marvelcdb.com/set/core,01076,,derived-core-code-requires-api-fixture-check
core-set-77-counter-punch,Core Set,Caja básica,77,Counter-Punch,Contragolpe,Player,Protection,Protección,https://marvelcdb.com/set/core,https://es.marvelcdb.com/set/core,01077,,derived-core-code-requires-api-fixture-check
core-set-78-get-behind-me,Core Set,Caja básica,78,Get Behind Me!,¡Poneos detrás de mí!,Player,Protection,Protección,https://marvelcdb.com/set/core,https://es.marvelcdb.com/set/core,01078,,derived-core-code-requires-api-fixture-check
core-set-79-the-power-of-protection,Core Set,Caja básica,79,The Power of Protection,El poder de la protección,Player,Protection,Protección,https://marvelcdb.com/set/core,https://es.marvelcdb.com/set/core,01079,,derived-core-code-requires-api-fixture-check
core-set-80-med-team,Core Set,Caja básica,80,Med Team,Equipo médico,Player,Protection,Protección,https://marvelcdb.com/set/core,https://es.marvelcdb.com/set/core,01080,,derived-core-code-requires-api-fixture-check
core-set-81-armored-vest,Core Set,Caja básica,81,Armored Vest,Chaleco blindado,Player,Protection,Protección,https://marvelcdb.com/set/core,https://es.marvelcdb.com/set/core,01081,,derived-core-code-requires-api-fixture-check
core-set-82-indomitable,Core Set,Caja básica,82,Indomitable,Indómito,Player,Protection,Protección,https://marvelcdb.com/set/core,https://es.marvelcdb.com/set/core,01082,,derived-core-code-requires-api-fixture-check
core-set-83-mockingbird-bobbi-morse,Core Set,Caja básica,83,Mockingbird: Bobbi Morse,Pájaro Burlón: Bobbi Morse,Player,Basic,Básica,https://marvelcdb.com/set/core,https://es.marvelcdb.com/set/core,01083,,derived-core-code-requires-api-fixture-check
core-set-84-nick-fury,Core Set,Caja básica,84,Nick Fury,Nick Furia,Player,Basic,Básica,https://marvelcdb.com/set/core,https://es.marvelcdb.com/set/core,01084,,derived-core-code-requires-api-fixture-check
core-set-85-emergency,Core Set,Caja básica,85,Emergency,Emergencia,Player,Basic,Básica,https://marvelcdb.com/set/core,https://es.marvelcdb.com/set/core,01085,,derived-core-code-requires-api-fixture-check
core-set-86-first-aid,Core Set,Caja básica,86,First Aid,Primeros auxilios,Player,Basic,Básica,https://marvelcdb.com/set/core,https://es.marvelcdb.com/set/core,01086,,derived-core-code-requires-api-fixture-check
core-set-87-haymaker,Core Set,Caja básica,87,Haymaker,Puñetazo demoledor,Player,Basic,Básica,https://marvelcdb.com/set/core,https://es.marvelcdb.com/set/core,01087,,derived-core-code-requires-api-fixture-check
core-set-88-energy,Core Set,Caja básica,88,Energy,Energía,Player,Basic,Básica,https://marvelcdb.com/set/core,https://es.marvelcdb.com/set/core,01088,,derived-core-code-requires-api-fixture-check
core-set-89-genius,Core Set,Caja básica,89,Genius,Genio,Player,Basic,Básica,https://marvelcdb.com/set/core,https://es.marvelcdb.com/set/core,01089,,derived-core-code-requires-api-fixture-check
core-set-90-strength,Core Set,Caja básica,90,Strength,Fuerza,Player,Basic,Básica,https://marvelcdb.com/set/core,https://es.marvelcdb.com/set/core,01090,,derived-core-code-requires-api-fixture-check
core-set-91-avengers-mansion,Core Set,Caja básica,91,Avengers Mansion,Mansión de los Vengadores,Player,Basic,Básica,https://marvelcdb.com/set/core,https://es.marvelcdb.com/set/core,01091,,derived-core-code-requires-api-fixture-check
core-set-92-helicarrier,Core Set,Caja básica,92,Helicarrier,Helitransporte,Player,Basic,Básica,https://marvelcdb.com/set/core,https://es.marvelcdb.com/set/core,01092,,derived-core-code-requires-api-fixture-check
core-set-93-tenacity,Core Set,Caja básica,93,Tenacity,Tenacidad,Player,Basic,Básica,https://marvelcdb.com/set/core,https://es.marvelcdb.com/set/core,01093,,derived-core-code-requires-api-fixture-check
core-set-94-rhino-i,Core Set,Caja básica,94,Rhino (I),Rino (I),Encounter,Rhino,Rino,https://marvelcdb.com/set/core,https://es.marvelcdb.com/set/core,01094,,derived-core-code-requires-api-fixture-check
core-set-95-rhino-ii,Core Set,Caja básica,95,Rhino (II),Rino (II),Encounter,Rhino,Rino,https://marvelcdb.com/set/core,https://es.marvelcdb.com/set/core,01095,,derived-core-code-requires-api-fixture-check
core-set-96-rhino-iii,Core Set,Caja básica,96,Rhino (III),Rino (III),Encounter,Rhino,Rino,https://marvelcdb.com/set/core,https://es.marvelcdb.com/set/core,01096,,derived-core-code-requires-api-fixture-check
core-set-97-the-break-in,Core Set,Caja básica,97,The Break-In!,¡Allanamiento!,Encounter,Rhino,Rino,https://marvelcdb.com/set/core,https://es.marvelcdb.com/set/core,01097,,derived-core-code-requires-api-fixture-check
core-set-98-armored-rhino-suit,Core Set,Caja básica,98,Armored Rhino Suit,Piel blindada del Rino,Encounter,Rhino,Rino,https://marvelcdb.com/set/core,https://es.marvelcdb.com/set/core,01098,,derived-core-code-requires-api-fixture-check
core-set-99-charge,Core Set,Caja básica,99,Charge,Embestida,Encounter,Rhino,Rino,https://marvelcdb.com/set/core,https://es.marvelcdb.com/set/core,01099,,derived-core-code-requires-api-fixture-check
core-set-100-enhanced-ivory-horn,Core Set,Caja básica,100,Enhanced Ivory Horn,Cuerno de marfil mejorado,Encounter,Rhino,Rino,https://marvelcdb.com/set/core,https://es.marvelcdb.com/set/core,01100,,derived-core-code-requires-api-fixture-check
core-set-101-hydra-mercenary,Core Set,Caja básica,101,Hydra Mercenary,Mercenario de Hydra,Encounter,Rhino,Rino,https://marvelcdb.com/set/core,https://es.marvelcdb.com/set/core,01101,,derived-core-code-requires-api-fixture-check
core-set-102-sandman,Core Set,Caja básica,102,Sandman,Hombre de Arena,Encounter,Rhino,Rino,https://marvelcdb.com/set/core,https://es.marvelcdb.com/set/core,01102,,derived-core-code-requires-api-fixture-check
core-set-103-shocker,Core Set,Caja básica,103,Shocker,Conmocionador,Encounter,Rhino,Rino,https://marvelcdb.com/set/core,https://es.marvelcdb.com/set/core,01103,,derived-core-code-requires-api-fixture-check
core-set-104-hard-to-keep-down,Core Set,Caja básica,104,Hard to Keep Down,Difícil de tumbar,Encounter,Rhino,Rino,https://marvelcdb.com/set/core,https://es.marvelcdb.com/set/core,01104,,derived-core-code-requires-api-fixture-check
core-set-105-i-m-tough,Core Set,Caja básica,105,"""I'm Tough""","""¡Soy duro!""",Encounter,Rhino,Rino,https://marvelcdb.com/set/core,https://es.marvelcdb.com/set/core,01105,,derived-core-code-requires-api-fixture-check
core-set-106-stampede,Core Set,Caja básica,106,Stampede,Estampida,Encounter,Rhino,Rino,https://marvelcdb.com/set/core,https://es.marvelcdb.com/set/core,01106,,derived-core-code-requires-api-fixture-check
core-set-107-breakin-takin,Core Set,Caja básica,107,Breakin' & Takin',Arramblar con todo,Encounter,Rhino,Rino,https://marvelcdb.com/set/core,https://es.marvelcdb.com/set/core,01107,,derived-core-code-requires-api-fixture-check
core-set-108-crowd-control,Core Set,Caja básica,108,Crowd Control,Control de multitudes,Encounter,Rhino,Rino,https://marvelcdb.com/set/core,https://es.marvelcdb.com/set/core,01108,,derived-core-code-requires-api-fixture-check
core-set-109-bomb-scare,Core Set,Caja básica,109,Bomb Scare,Amenaza de bomba,Encounter,Bomb Scare,Amenaza de bomba,https://marvelcdb.com/set/core,https://es.marvelcdb.com/set/core,01109,,derived-core-code-requires-api-fixture-check
core-set-110-hydra-bomber,Core Set,Caja básica,110,Hydra Bomber,Terrorista de Hydra,Encounter,Bomb Scare,Amenaza de bomba,https://marvelcdb.com/set/core,https://es.marvelcdb.com/set/core,01110,,derived-core-code-requires-api-fixture-check
core-set-111-explosion,Core Set,Caja básica,111,Explosion,Explosión,Encounter,Bomb Scare,Amenaza de bomba,https://marvelcdb.com/set/core,https://es.marvelcdb.com/set/core,01111,,derived-core-code-requires-api-fixture-check
core-set-112-false-alarm,Core Set,Caja básica,112,False Alarm,Falsa alarma,Encounter,Bomb Scare,Amenaza de bomba,https://marvelcdb.com/set/core,https://es.marvelcdb.com/set/core,01112,,derived-core-code-requires-api-fixture-check
core-set-113-klaw-i,Core Set,Caja básica,113,Klaw (I),Klaw (I),Encounter,Klaw,Klaw,https://marvelcdb.com/set/core,https://es.marvelcdb.com/set/core,01113,,derived-core-code-requires-api-fixture-check
core-set-114-klaw-ii,Core Set,Caja básica,114,Klaw (II),Klaw (II),Encounter,Klaw,Klaw,https://marvelcdb.com/set/core,https://es.marvelcdb.com/set/core,01114,,derived-core-code-requires-api-fixture-check
core-set-115-klaw-iii,Core Set,Caja básica,115,Klaw (III),Klaw (III),Encounter,Klaw,Klaw,https://marvelcdb.com/set/core,https://es.marvelcdb.com/set/core,01115,,derived-core-code-requires-api-fixture-check
core-set-116-underground-distribution,Core Set,Caja básica,116,Underground Distribution,Distribución clandestina,Encounter,Klaw,Klaw,https://marvelcdb.com/set/core,https://es.marvelcdb.com/set/core,01116,,derived-core-code-requires-api-fixture-check
core-set-117-secret-rendezvous,Core Set,Caja básica,117,Secret Rendezvous,Reunión secreta,Encounter,Klaw,Klaw,https://marvelcdb.com/set/core,https://es.marvelcdb.com/set/core,01117,,derived-core-code-requires-api-fixture-check
core-set-118-sonic-converter,Core Set,Caja básica,118,Sonic Converter,Transformador sónico,Encounter,Klaw,Klaw,https://marvelcdb.com/set/core,https://es.marvelcdb.com/set/core,01118,,derived-core-code-requires-api-fixture-check
core-set-119-solid-sound-body,Core Set,Caja básica,119,Solid-Sound Body,Cuerpo de sonido sólido,Encounter,Klaw,Klaw,https://marvelcdb.com/set/core,https://es.marvelcdb.com/set/core,01119,,derived-core-code-requires-api-fixture-check
core-set-120-armored-guard,Core Set,Caja básica,120,Armored Guard,Guardia acorazado,Encounter,Klaw,Klaw,https://marvelcdb.com/set/core,https://es.marvelcdb.com/set/core,01120,,derived-core-code-requires-api-fixture-check
core-set-121-weapons-runner,Core Set,Caja básica,121,Weapons Runner,Traficante de armas,Encounter,Klaw,Klaw,https://marvelcdb.com/set/core,https://es.marvelcdb.com/set/core,01121,,derived-core-code-requires-api-fixture-check
core-set-122-klaw-s-vengeance,Core Set,Caja básica,122,Klaw's Vengeance,La venganza de Klaw,Encounter,Klaw,Klaw,https://marvelcdb.com/set/core,https://es.marvelcdb.com/set/core,01122,,derived-core-code-requires-api-fixture-check
core-set-123-sonic-boom,Core Set,Caja básica,123,Sonic Boom,Estallido sónico,Encounter,Klaw,Klaw,https://marvelcdb.com/set/core,https://es.marvelcdb.com/set/core,01123,,derived-core-code-requires-api-fixture-check
core-set-124-sound-manipulation,Core Set,Caja básica,124,Sound Manipulation,Manipulación del sonido,Encounter,Klaw,Klaw,https://marvelcdb.com/set/core,https://es.marvelcdb.com/set/core,01124,,derived-core-code-requires-api-fixture-check
core-set-125-defense-network,Core Set,Caja básica,125,Defense Network,Red de defensa,Encounter,Klaw,Klaw,https://marvelcdb.com/set/core,https://es.marvelcdb.com/set/core,01125,,derived-core-code-requires-api-fixture-check
core-set-126-illegal-arms-factory,Core Set,Caja básica,126,Illegal Arms Factory,Fábrica de armamento ilegal,Encounter,Klaw,Klaw,https://marvelcdb.com/set/core,https://es.marvelcdb.com/set/core,01126,,derived-core-code-requires-api-fixture-check
core-set-127-the-immortal-klaw,Core Set,Caja básica,127,"The ""Immortal"" Klaw","Klaw ""el inmortal""",Encounter,Klaw,Klaw,https://marvelcdb.com/set/core,https://es.marvelcdb.com/set/core,01127,,derived-core-code-requires-api-fixture-check
core-set-128-the-masters-of-evil,Core Set,Caja básica,128,The Masters of Evil,Los Señores del Mal,Encounter,Masters of Evil,Señores del Mal,https://marvelcdb.com/set/core,https://es.marvelcdb.com/set/core,01128,,derived-core-code-requires-api-fixture-check
core-set-129-radioactive-man,Core Set,Caja básica,129,Radioactive Man,Hombre Radiactivo,Encounter,Masters of Evil,Señores del Mal,https://marvelcdb.com/set/core,https://es.marvelcdb.com/set/core,01129,,derived-core-code-requires-api-fixture-check
core-set-130-whirlwind,Core Set,Caja básica,130,Whirlwind,Torbellino,Encounter,Masters of Evil,Señores del Mal,https://marvelcdb.com/set/core,https://es.marvelcdb.com/set/core,01130,,derived-core-code-requires-api-fixture-check
core-set-131-tiger-shark,Core Set,Caja básica,131,Tiger Shark,Tiburón Tigre,Encounter,Masters of Evil,Señores del Mal,https://marvelcdb.com/set/core,https://es.marvelcdb.com/set/core,01131,,derived-core-code-requires-api-fixture-check
core-set-132-melter,Core Set,Caja básica,132,Melter,Fundidor,Encounter,Masters of Evil,Señores del Mal,https://marvelcdb.com/set/core,https://es.marvelcdb.com/set/core,01132,,derived-core-code-requires-api-fixture-check
core-set-133-masters-of-mayhem,Core Set,Caja básica,133,Masters of Mayhem,Señores del caos,Encounter,Masters of Evil,Señores del Mal,https://marvelcdb.com/set/core,https://es.marvelcdb.com/set/core,01133,,derived-core-code-requires-api-fixture-check
core-set-134-ultron-i,Core Set,Caja básica,134,Ultron (I),Ultrón (I),Encounter,Ultron,Ultrón,https://marvelcdb.com/set/core,https://es.marvelcdb.com/set/core,01134,,derived-core-code-requires-api-fixture-check
core-set-135-ultron-ii,Core Set,Caja básica,135,Ultron (II),Ultrón (II),Encounter,Ultron,Ultrón,https://marvelcdb.com/set/core,https://es.marvelcdb.com/set/core,01135,,derived-core-code-requires-api-fixture-check
core-set-136-ultron-iii,Core Set,Caja básica,136,Ultron (III),Ultrón (III),Encounter,Ultron,Ultrón,https://marvelcdb.com/set/core,https://es.marvelcdb.com/set/core,01136,,derived-core-code-requires-api-fixture-check
core-set-137-the-crimson-cowl,Core Set,Caja básica,137,The Crimson Cowl,La Capucha Carmesí,Encounter,Ultron,Ultrón,https://marvelcdb.com/set/core,https://es.marvelcdb.com/set/core,01137,,derived-core-code-requires-api-fixture-check
core-set-138-assault-on-norad,Core Set,Caja básica,138,Assault on NORAD,Ataque al NORAD,Encounter,Ultron,Ultrón,https://marvelcdb.com/set/core,https://es.marvelcdb.com/set/core,01138,,derived-core-code-requires-api-fixture-check
core-set-139-countdown-to-oblivion,Core Set,Caja básica,139,Countdown to Oblivion,Cuenta atrás para el olvido,Encounter,Ultron,Ultrón,https://marvelcdb.com/set/core,https://es.marvelcdb.com/set/core,01139,,derived-core-code-requires-api-fixture-check
core-set-140-ultron-drones,Core Set,Caja básica,140,Ultron Drones,Drones de Ultrón,Encounter,Ultron,Ultrón,https://marvelcdb.com/set/core,https://es.marvelcdb.com/set/core,01140,,derived-core-code-requires-api-fixture-check
core-set-141-program-transmitter,Core Set,Caja básica,141,Program Transmitter,Transmisor de programa,Encounter,Ultron,Ultrón,https://marvelcdb.com/set/core,https://es.marvelcdb.com/set/core,01141,,derived-core-code-requires-api-fixture-check
core-set-142-upgraded-drones,Core Set,Caja básica,142,Upgraded Drones,Drones mejorados,Encounter,Ultron,Ultrón,https://marvelcdb.com/set/core,https://es.marvelcdb.com/set/core,01142,,derived-core-code-requires-api-fixture-check
core-set-143-advanced-ultron-drone,Core Set,Caja básica,143,Advanced Ultron Drone,Dron avanzado de Ultrón,Encounter,Ultron,Ultrón,https://marvelcdb.com/set/core,https://es.marvelcdb.com/set/core,01143,,derived-core-code-requires-api-fixture-check
core-set-144-android-efficiency,Core Set,Caja básica,144,Android Efficiency,Eficacia androide,Encounter,Ultron,Ultrón,https://marvelcdb.com/set/core,https://es.marvelcdb.com/set/core,01144,,derived-core-code-requires-api-fixture-check
core-set-145-rage-of-ultron,Core Set,Caja básica,145,Rage of Ultron,La cólera de Ultrón,Encounter,Ultron,Ultrón,https://marvelcdb.com/set/core,https://es.marvelcdb.com/set/core,01145,,derived-core-code-requires-api-fixture-check
core-set-146-repair-sequence,Core Set,Caja básica,146,Repair Sequence,Secuencia de reparación,Encounter,Ultron,Ultrón,https://marvelcdb.com/set/core,https://es.marvelcdb.com/set/core,01146,,derived-core-code-requires-api-fixture-check
core-set-147-swarm-attack,Core Set,Caja básica,147,Swarm Attack,Ejército robótico,Encounter,Ultron,Ultrón,https://marvelcdb.com/set/core,https://es.marvelcdb.com/set/core,01147,,derived-core-code-requires-api-fixture-check
core-set-148-drone-factory,Core Set,Caja básica,148,Drone Factory,Fábrica de drones,Encounter,Ultron,Ultrón,https://marvelcdb.com/set/core,https://es.marvelcdb.com/set/core,01148,,derived-core-code-requires-api-fixture-check
core-set-149-invasive-ai,Core Set,Caja básica,149,Invasive AI,IA invasiva,Encounter,Ultron,Ultrón,https://marvelcdb.com/set/core,https://es.marvelcdb.com/set/core,01149,,derived-core-code-requires-api-fixture-check
core-set-150-ultron-s-imperative,Core Set,Caja básica,150,Ultron's Imperative,La Directriz Ultrón,Encounter,Ultron,Ultrón,https://marvelcdb.com/set/core,https://es.marvelcdb.com/set/core,01150,,derived-core-code-requires-api-fixture-check
core-set-151-under-attack,Core Set,Caja básica,151,Under Attack,Civiles en peligro,Encounter,Under Attack,Civiles en peligro,https://marvelcdb.com/set/core,https://es.marvelcdb.com/set/core,01151,,derived-core-code-requires-api-fixture-check
core-set-152-vibranium-armor,Core Set,Caja básica,152,Vibranium Armor,Armadura de Vibránium,Encounter,Under Attack,Civiles en peligro,https://marvelcdb.com/set/core,https://es.marvelcdb.com/set/core,01152,,derived-core-code-requires-api-fixture-check
core-set-153-concussion-blasters,Core Set,Caja básica,153,Concussion Blasters,Rayos de fuerza,Encounter,Under Attack,Civiles en peligro,https://marvelcdb.com/set/core,https://es.marvelcdb.com/set/core,01153,,derived-core-code-requires-api-fixture-check
core-set-154-concussive-blast,Core Set,Caja básica,154,Concussive Blast,Descarga fulminante,Encounter,Under Attack,Civiles en peligro,https://marvelcdb.com/set/core,https://es.marvelcdb.com/set/core,01154,,derived-core-code-requires-api-fixture-check
core-set-155-affairs-of-state,Core Set,Caja básica,155,Affairs of State,Asuntos de estado,Encounter,Black Panther Nemesis,Archienemigo de Pantera Negra,https://marvelcdb.com/set/core,https://es.marvelcdb.com/set/core,01155,,derived-core-code-requires-api-fixture-check
core-set-156-usurp-the-throne,Core Set,Caja básica,156,Usurp The Throne,Usurpar el trono,Encounter,Black Panther Nemesis,Archienemigo de Pantera Negra,https://marvelcdb.com/set/core,https://es.marvelcdb.com/set/core,01156,,derived-core-code-requires-api-fixture-check
core-set-157-killmonger,Core Set,Caja básica,157,Killmonger,Killmonger,Encounter,Black Panther Nemesis,Archienemigo de Pantera Negra,https://marvelcdb.com/set/core,https://es.marvelcdb.com/set/core,01157,,derived-core-code-requires-api-fixture-check
core-set-158-heart-shaped-herb,Core Set,Caja básica,158,Heart-Shaped Herb,Hierba con forma de corazón,Encounter,Black Panther Nemesis,Archienemigo de Pantera Negra,https://marvelcdb.com/set/core,https://es.marvelcdb.com/set/core,01158,,derived-core-code-requires-api-fixture-check
core-set-159-ritual-combat,Core Set,Caja básica,159,Ritual Combat,Combate ritual,Encounter,Black Panther Nemesis,Archienemigo de Pantera Negra,https://marvelcdb.com/set/core,https://es.marvelcdb.com/set/core,01159,,derived-core-code-requires-api-fixture-check
core-set-160-legal-work,Core Set,Caja básica,160,Legal Work,Trabajo jurídico,Encounter,She-Hulk Nemesis,Archienemigo de Hulka,https://marvelcdb.com/set/core,https://es.marvelcdb.com/set/core,01160,,derived-core-code-requires-api-fixture-check
core-set-161-personal-challenge,Core Set,Caja básica,161,Personal Challenge,Reto personal,Encounter,She-Hulk Nemesis,Archienemigo de Hulka,https://marvelcdb.com/set/core,https://es.marvelcdb.com/set/core,01161,,derived-core-code-requires-api-fixture-check
core-set-162-titania,Core Set,Caja básica,162,Titania,Titania,Encounter,She-Hulk Nemesis,Archienemigo de Hulka,https://marvelcdb.com/set/core,https://es.marvelcdb.com/set/core,01162,,derived-core-code-requires-api-fixture-check
core-set-163-genetically-enhanced,Core Set,Caja básica,163,Genetically Enhanced,Mejora genética,Encounter,She-Hulk Nemesis,Archienemigo de Hulka,https://marvelcdb.com/set/core,https://es.marvelcdb.com/set/core,01163,,derived-core-code-requires-api-fixture-check
core-set-164-titania-s-fury,Core Set,Caja básica,164,Titania's Fury,La furia de Titania,Encounter,She-Hulk Nemesis,Archienemigo de Hulka,https://marvelcdb.com/set/core,https://es.marvelcdb.com/set/core,01164,,derived-core-code-requires-api-fixture-check
core-set-165-eviction-notice,Core Set,Caja básica,165,Eviction Notice,Aviso de desahucio,Encounter,Spider-Man Nemesis,Archienemigo de Spiderman,https://marvelcdb.com/set/core,https://es.marvelcdb.com/set/core,01165,,derived-core-code-requires-api-fixture-check
core-set-166-highway-robbery,Core Set,Caja básica,166,Highway Robbery,Ladrón Alado,Encounter,Spider-Man Nemesis,Archienemigo de Spiderman,https://marvelcdb.com/set/core,https://es.marvelcdb.com/set/core,01166,,derived-core-code-requires-api-fixture-check
core-set-167-vulture,Core Set,Caja básica,167,Vulture,Buitre,Encounter,Spider-Man Nemesis,Archienemigo de Spiderman,https://marvelcdb.com/set/core,https://es.marvelcdb.com/set/core,01167,,derived-core-code-requires-api-fixture-check
core-set-168-sweeping-swoop,Core Set,Caja básica,168,Sweeping Swoop,Picado arrollador,Encounter,Spider-Man Nemesis,Archienemigo de Spiderman,https://marvelcdb.com/set/core,https://es.marvelcdb.com/set/core,01168,,derived-core-code-requires-api-fixture-check
core-set-169-the-vulture-s-plans,Core Set,Caja básica,169,The Vulture's Plans,Los planes del Buitre,Encounter,Spider-Man Nemesis,Archienemigo de Spiderman,https://marvelcdb.com/set/core,https://es.marvelcdb.com/set/core,01169,,derived-core-code-requires-api-fixture-check
core-set-170-business-problems,Core Set,Caja básica,170,Business Problems,Problemas de negocios,Encounter,Iron Man Nemesis,Archienemigo de Iron Man,https://marvelcdb.com/set/core,https://es.marvelcdb.com/set/core,01170,,derived-core-code-requires-api-fixture-check
core-set-171-imminent-overload,Core Set,Caja básica,171,Imminent Overload,Sobrecarga inminente,Encounter,Iron Man Nemesis,Archienemigo de Iron Man,https://marvelcdb.com/set/core,https://es.marvelcdb.com/set/core,01171,,derived-core-code-requires-api-fixture-check
core-set-172-whiplash,Core Set,Caja básica,172,Whiplash,Latigazo,Encounter,Iron Man Nemesis,Archienemigo de Iron Man,https://marvelcdb.com/set/core,https://es.marvelcdb.com/set/core,01172,,derived-core-code-requires-api-fixture-check
core-set-173-electric-whip-attack,Core Set,Caja básica,173,Electric Whip Attack,Azote de electrolátigo,Encounter,Iron Man Nemesis,Archienemigo de Iron Man,https://marvelcdb.com/set/core,https://es.marvelcdb.com/set/core,01173,,derived-core-code-requires-api-fixture-check
core-set-174-electromagnetic-backlash,Core Set,Caja básica,174,Electromagnetic Backlash,Descarga electromagnética,Encounter,Iron Man Nemesis,Archienemigo de Iron Man,https://marvelcdb.com/set/core,https://es.marvelcdb.com/set/core,01174,,derived-core-code-requires-api-fixture-check
core-set-175-family-emergency,Core Set,Caja básica,175,Family Emergency,Emergencia familiar,Encounter,Captain Marvel Nemesis,Archienemigo de Capitana Marvel,https://marvelcdb.com/set/core,https://es.marvelcdb.com/set/core,01175,,derived-core-code-requires-api-fixture-check
core-set-176-the-psyche-magnitron,Core Set,Caja básica,176,The Psyche-Magnitron,El psicomagnetrón,Encounter,Captain Marvel Nemesis,Archienemigo de Capitana Marvel,https://marvelcdb.com/set/core,https://es.marvelcdb.com/set/core,01176,,derived-core-code-requires-api-fixture-check
core-set-177-yon-rogg,Core Set,Caja básica,177,Yon-Rogg,Yon-Rogg,Encounter,Captain Marvel Nemesis,Archienemigo de Capitana Marvel,https://marvelcdb.com/set/core,https://es.marvelcdb.com/set/core,01177,,derived-core-code-requires-api-fixture-check
core-set-178-kree-manipulator,Core Set,Caja básica,178,Kree Manipulator,Manipulador kree,Encounter,Captain Marvel Nemesis,Archienemigo de Capitana Marvel,https://marvelcdb.com/set/core,https://es.marvelcdb.com/set/core,01178,,derived-core-code-requires-api-fixture-check
core-set-179-yon-rogg-s-treason,Core Set,Caja básica,179,Yon-Rogg's Treason,La traición de Yon-Rogg,Encounter,Captain Marvel Nemesis,Archienemigo de Capitana Marvel,https://marvelcdb.com/set/core,https://es.marvelcdb.com/set/core,01179,,derived-core-code-requires-api-fixture-check
core-set-180-legions-of-hydra,Core Set,Caja básica,180,Legions of Hydra,Legiones de Hydra,Encounter,Legions of Hydra,Legiones de Hydra,https://marvelcdb.com/set/core,https://es.marvelcdb.com/set/core,01180,,derived-core-code-requires-api-fixture-check
core-set-181-madame-hydra,Core Set,Caja básica,181,Madame Hydra,Madame Hydra,Encounter,Legions of Hydra,Legiones de Hydra,https://marvelcdb.com/set/core,https://es.marvelcdb.com/set/core,01181,,derived-core-code-requires-api-fixture-check
core-set-182-hydra-soldier,Core Set,Caja básica,182,Hydra Soldier,Soldado de Hydra,Encounter,Legions of Hydra,Legiones de Hydra,https://marvelcdb.com/set/core,https://es.marvelcdb.com/set/core,01182,,derived-core-code-requires-api-fixture-check
core-set-183-the-doomsday-chair,Core Set,Caja básica,183,The Doomsday Chair,La Silla del Juicio Final,Encounter,The Doomsday Chair,La silla del Juicio Final,https://marvelcdb.com/set/core,https://es.marvelcdb.com/set/core,01183,,derived-core-code-requires-api-fixture-check
core-set-184-m-o-d-o-k,Core Set,Caja básica,184,M.O.D.O.K.,MODOK,Encounter,The Doomsday Chair,La silla del Juicio Final,https://marvelcdb.com/set/core,https://es.marvelcdb.com/set/core,01184,,derived-core-code-requires-api-fixture-check
core-set-185-biomechanical-upgrades,Core Set,Caja básica,185,Biomechanical Upgrades,Mejoras biomecánicas,Encounter,The Doomsday Chair,La silla del Juicio Final,https://marvelcdb.com/set/core,https://es.marvelcdb.com/set/core,01185,,derived-core-code-requires-api-fixture-check
core-set-186-advance,Core Set,Caja básica,186,Advance,Mover ficha,Encounter,Standard,Normal,https://marvelcdb.com/set/core,https://es.marvelcdb.com/set/core,01186,,derived-core-code-requires-api-fixture-check
core-set-187-assault,Core Set,Caja básica,187,Assault,Agresión,Encounter,Standard,Normal,https://marvelcdb.com/set/core,https://es.marvelcdb.com/set/core,01187,,derived-core-code-requires-api-fixture-check
core-set-188-caught-off-guard,Core Set,Caja básica,188,Caught Off Guard,Con la guardia baja,Encounter,Standard,Normal,https://marvelcdb.com/set/core,https://es.marvelcdb.com/set/core,01188,,derived-core-code-requires-api-fixture-check
core-set-189-gang-up,Core Set,Caja básica,189,Gang-Up,Todos a una,Encounter,Standard,Normal,https://marvelcdb.com/set/core,https://es.marvelcdb.com/set/core,01189,,derived-core-code-requires-api-fixture-check
core-set-190-shadow-of-the-past,Core Set,Caja básica,190,Shadow of the Past,Una sombra del pasado,Encounter,Standard,Normal,https://marvelcdb.com/set/core,https://es.marvelcdb.com/set/core,01190,,derived-core-code-requires-api-fixture-check
core-set-191-exhaustion,Core Set,Caja básica,191,Exhaustion,Agotamiento,Encounter,Expert,Experto,https://marvelcdb.com/set/core,https://es.marvelcdb.com/set/core,01191,,derived-core-code-requires-api-fixture-check
core-set-192-masterplan,Core Set,Caja básica,192,Masterplan,Plan maestro,Encounter,Expert,Experto,https://marvelcdb.com/set/core,https://es.marvelcdb.com/set/core,01192,,derived-core-code-requires-api-fixture-check
core-set-193-under-fire,Core Set,Caja básica,193,Under Fire,Bajo fuego intenso,Encounter,Expert,Experto,https://marvelcdb.com/set/core,https://es.marvelcdb.com/set/core,01193,,derived-core-code-requires-api-fixture-check
the-rise-of-red-skull-1-hawkeye,The Rise of Red Skull,La Tiranía de Cráneo Rojo,1,Hawkeye,Ojo de Halcón,Player,Hawkeye,Ojo de Halcón,https://marvelcdb.com/set/trors,https://es.marvelcdb.com/set/trors,,,unresolved
the-rise-of-red-skull-2-hawkeye-s-bow,The Rise of Red Skull,La Tiranía de Cráneo Rojo,2,Hawkeye's Bow,Arco de Ojo de Halcón,Player,Hawkeye,Ojo de Halcón,https://marvelcdb.com/set/trors,https://es.marvelcdb.com/set/trors,,,unresolved
the-rise-of-red-skull-3-hawkeye-s-quiver,The Rise of Red Skull,La Tiranía de Cráneo Rojo,3,Hawkeye's Quiver,Carcaj de Ojo de Halcón,Player,Hawkeye,Ojo de Halcón,https://marvelcdb.com/set/trors,https://es.marvelcdb.com/set/trors,,,unresolved
the-rise-of-red-skull-4-mockingbird-bobbi-morse,The Rise of Red Skull,La Tiranía de Cráneo Rojo,4,Mockingbird: Bobbi Morse,Pájaro Burlón: Bobbi Morse,Player,Hawkeye,Ojo de Halcón,https://marvelcdb.com/set/trors,https://es.marvelcdb.com/set/trors,,,unresolved
the-rise-of-red-skull-5-sonic-arrow,The Rise of Red Skull,La Tiranía de Cráneo Rojo,5,Sonic Arrow,Flecha sónica,Player,Hawkeye,Ojo de Halcón,https://marvelcdb.com/set/trors,https://es.marvelcdb.com/set/trors,,,unresolved
the-rise-of-red-skull-6-explosive-arrow,The Rise of Red Skull,La Tiranía de Cráneo Rojo,6,Explosive Arrow,Flecha explosiva,Player,Hawkeye,Ojo de Halcón,https://marvelcdb.com/set/trors,https://es.marvelcdb.com/set/trors,,,unresolved
the-rise-of-red-skull-7-electric-arrow,The Rise of Red Skull,La Tiranía de Cráneo Rojo,7,Electric Arrow,Flecha eléctrica,Player,Hawkeye,Ojo de Halcón,https://marvelcdb.com/set/trors,https://es.marvelcdb.com/set/trors,,,unresolved
the-rise-of-red-skull-8-cable-arrow,The Rise of Red Skull,La Tiranía de Cráneo Rojo,8,Cable Arrow,Flecha con cable,Player,Hawkeye,Ojo de Halcón,https://marvelcdb.com/set/trors,https://es.marvelcdb.com/set/trors,,,unresolved
the-rise-of-red-skull-9-vibranium-arrow,The Rise of Red Skull,La Tiranía de Cráneo Rojo,9,Vibranium Arrow,Flecha de vibránium,Player,Hawkeye,Ojo de Halcón,https://marvelcdb.com/set/trors,https://es.marvelcdb.com/set/trors,,,unresolved
the-rise-of-red-skull-10-expert-marksman,The Rise of Red Skull,La Tiranía de Cráneo Rojo,10,Expert Marksman,Tirador experto,Player,Hawkeye,Ojo de Halcón,https://marvelcdb.com/set/trors,https://es.marvelcdb.com/set/trors,,,unresolved
the-rise-of-red-skull-11-hawkeye-kate-bishop,The Rise of Red Skull,La Tiranía de Cráneo Rojo,11,Hawkeye: Kate Bishop,Ojo de Halcón: Kate Bishop,Player,Leadership,Liderazgo,https://marvelcdb.com/set/trors,https://es.marvelcdb.com/set/trors,,,unresolved
the-rise-of-red-skull-12-black-knight-dane-whitman,The Rise of Red Skull,La Tiranía de Cráneo Rojo,12,Black Knight: Dane Whitman,Caballero Negro: Dane Whitman,Player,Leadership,Liderazgo,https://marvelcdb.com/set/trors,https://es.marvelcdb.com/set/trors,,,unresolved
the-rise-of-red-skull-13-goliath-bill-foster,The Rise of Red Skull,La Tiranía de Cráneo Rojo,13,Goliath: Bill Foster,Goliat: Bill Foster,Player,Leadership,Liderazgo,https://marvelcdb.com/set/trors,https://es.marvelcdb.com/set/trors,,,unresolved
the-rise-of-red-skull-14-u-s-agent-john-walker,The Rise of Red Skull,La Tiranía de Cráneo Rojo,14,U.S. Agent: John Walker,USAgente: John Walker,Player,Leadership,Liderazgo,https://marvelcdb.com/set/trors,https://es.marvelcdb.com/set/trors,,,unresolved
the-rise-of-red-skull-15-sky-cycle,The Rise of Red Skull,La Tiranía de Cráneo Rojo,15,Sky Cycle,Aeromoto,Player,Leadership,Liderazgo,https://marvelcdb.com/set/trors,https://es.marvelcdb.com/set/trors,,,unresolved
the-rise-of-red-skull-16-team-training,The Rise of Red Skull,La Tiranía de Cráneo Rojo,16,Team Training,Entrenamiento en equipo,Player,Leadership,Liderazgo,https://marvelcdb.com/set/trors,https://es.marvelcdb.com/set/trors,,,unresolved
the-rise-of-red-skull-17-ready-for-action,The Rise of Red Skull,La Tiranía de Cráneo Rojo,17,Ready for Action,Listo para la acción,Player,Leadership,Liderazgo,https://marvelcdb.com/set/trors,https://es.marvelcdb.com/set/trors,,,unresolved
the-rise-of-red-skull-18-lead-from-the-front,The Rise of Red Skull,La Tiranía de Cráneo Rojo,18,Lead from the Front,Liderar en vanguardia,Player,Leadership,Liderazgo,https://marvelcdb.com/set/trors,https://es.marvelcdb.com/set/trors,,,unresolved
the-rise-of-red-skull-19-the-power-of-leadership,The Rise of Red Skull,La Tiranía de Cráneo Rojo,19,The Power of Leadership,El poder del liderazgo,Player,Leadership,Liderazgo,https://marvelcdb.com/set/trors,https://es.marvelcdb.com/set/trors,,,unresolved
the-rise-of-red-skull-20-war-machine-james-rhodes,The Rise of Red Skull,La Tiranía de Cráneo Rojo,20,War Machine: James Rhodes,Máquina de Guerra: James Rhodes,Player,Basic,Básica,https://marvelcdb.com/set/trors,https://es.marvelcdb.com/set/trors,,,unresolved
the-rise-of-red-skull-21-avengers-tower,The Rise of Red Skull,La Tiranía de Cráneo Rojo,21,Avengers Tower,Torre de los Vengadores,Player,Basic,Básica,https://marvelcdb.com/set/trors,https://es.marvelcdb.com/set/trors,,,unresolved
the-rise-of-red-skull-22-earth-s-mightiest-heroes,The Rise of Red Skull,La Tiranía de Cráneo Rojo,22,Earth's Mightiest Heroes,Los héroes más poderosos,Player,Basic,Básica,https://marvelcdb.com/set/trors,https://es.marvelcdb.com/set/trors,,,unresolved
the-rise-of-red-skull-23-energy,The Rise of Red Skull,La Tiranía de Cráneo Rojo,23,Energy,Energía,Player,Basic,Básica,https://marvelcdb.com/set/trors,https://es.marvelcdb.com/set/trors,,,unresolved
the-rise-of-red-skull-24-genius,The Rise of Red Skull,La Tiranía de Cráneo Rojo,24,Genius,Genio,Player,Basic,Básica,https://marvelcdb.com/set/trors,https://es.marvelcdb.com/set/trors,,,unresolved
the-rise-of-red-skull-25-strength,The Rise of Red Skull,La Tiranía de Cráneo Rojo,25,Strength,Fuerza,Player,Basic,Básica,https://marvelcdb.com/set/trors,https://es.marvelcdb.com/set/trors,,,unresolved
the-rise-of-red-skull-26-criminal-past,The Rise of Red Skull,La Tiranía de Cráneo Rojo,26,Criminal Past,Pasado criminal,Encounter,Hawkeye Nemesis,Archienemigo de Ojo de Halcón,https://marvelcdb.com/set/trors,https://es.marvelcdb.com/set/trors,,,unresolved
the-rise-of-red-skull-27-crossfire,The Rise of Red Skull,La Tiranía de Cráneo Rojo,27,Crossfire,Fuego Cruzado,Encounter,Hawkeye Nemesis,Archienemigo de Ojo de Halcón,https://marvelcdb.com/set/trors,https://es.marvelcdb.com/set/trors,,,unresolved
the-rise-of-red-skull-28-marked-for-death,The Rise of Red Skull,La Tiranía de Cráneo Rojo,28,Marked for Death,En el punto de mira,Encounter,Hawkeye Nemesis,Archienemigo de Ojo de Halcón,https://marvelcdb.com/set/trors,https://es.marvelcdb.com/set/trors,,,unresolved
the-rise-of-red-skull-29-crossfire-s-rifle,The Rise of Red Skull,La Tiranía de Cráneo Rojo,29,Crossfire's Rifle,Fusil de Fuego Cruzado,Encounter,Hawkeye Nemesis,Archienemigo de Ojo de Halcón,https://marvelcdb.com/set/trors,https://es.marvelcdb.com/set/trors,,,unresolved
the-rise-of-red-skull-30-sniper-shot,The Rise of Red Skull,La Tiranía de Cráneo Rojo,30,Sniper Shot,Disparo de francotirador,Encounter,Hawkeye Nemesis,Archienemigo de Ojo de Halcón,https://marvelcdb.com/set/trors,https://es.marvelcdb.com/set/trors,,,unresolved
the-rise-of-red-skull-31-spider-woman,The Rise of Red Skull,La Tiranía de Cráneo Rojo,31,Spider-Woman,Spiderwoman,Player,Spider-Woman,SpiderWoman,https://marvelcdb.com/set/trors,https://es.marvelcdb.com/set/trors,,,unresolved
the-rise-of-red-skull-32-captain-marvel-carol-danvers,The Rise of Red Skull,La Tiranía de Cráneo Rojo,32,Captain Marvel: Carol Danvers,Capitana Marvel: Carol Danvers,Player,Spider-Woman,SpiderWoman,https://marvelcdb.com/set/trors,https://es.marvelcdb.com/set/trors,,,unresolved
the-rise-of-red-skull-33-finesse,The Rise of Red Skull,La Tiranía de Cráneo Rojo,33,Finesse,Sutileza,Player,Spider-Woman,SpiderWoman,https://marvelcdb.com/set/trors,https://es.marvelcdb.com/set/trors,,,unresolved
the-rise-of-red-skull-34-jessica-drew-s-apartment,The Rise of Red Skull,La Tiranía de Cráneo Rojo,34,Jessica Drew's Apartment,Apartamento de Jessica Drew,Player,Spider-Woman,SpiderWoman,https://marvelcdb.com/set/trors,https://es.marvelcdb.com/set/trors,,,unresolved
the-rise-of-red-skull-35-venom-blast,The Rise of Red Skull,La Tiranía de Cráneo Rojo,35,Venom Blast,Rayo venenoso,Player,Spider-Woman,SpiderWoman,https://marvelcdb.com/set/trors,https://es.marvelcdb.com/set/trors,,,unresolved
the-rise-of-red-skull-36-pheromones,The Rise of Red Skull,La Tiranía de Cráneo Rojo,36,Pheromones,Feromonas,Player,Spider-Woman,SpiderWoman,https://marvelcdb.com/set/trors,https://es.marvelcdb.com/set/trors,,,unresolved
the-rise-of-red-skull-37-contaminant-immunity,The Rise of Red Skull,La Tiranía de Cráneo Rojo,37,Contaminant Immunity,Inmunidad a toxinas,Player,Spider-Woman,SpiderWoman,https://marvelcdb.com/set/trors,https://es.marvelcdb.com/set/trors,,,unresolved
the-rise-of-red-skull-38-inconspicuous,The Rise of Red Skull,La Tiranía de Cráneo Rojo,38,Inconspicuous,Pasar desapercibida,Player,Spider-Woman,SpiderWoman,https://marvelcdb.com/set/trors,https://es.marvelcdb.com/set/trors,,,unresolved
the-rise-of-red-skull-39-self-propelled-glide,The Rise of Red Skull,La Tiranía de Cráneo Rojo,39,Self-Propelled Glide,Planeo controlado,Player,Spider-Woman,SpiderWoman,https://marvelcdb.com/set/trors,https://es.marvelcdb.com/set/trors,,,unresolved
the-rise-of-red-skull-40-spider-girl-anya-corazon,The Rise of Red Skull,La Tiranía de Cráneo Rojo,40,Spider-Girl: Anya Corazon,Spidergirl: Anya Corazon,Player,Aggression,Agresividad,https://marvelcdb.com/set/trors,https://es.marvelcdb.com/set/trors,,,unresolved
the-rise-of-red-skull-41-combat-training,The Rise of Red Skull,La Tiranía de Cráneo Rojo,41,Combat Training,Entrenamiento de combate,Player,Aggression,Agresividad,https://marvelcdb.com/set/trors,https://es.marvelcdb.com/set/trors,,,unresolved
the-rise-of-red-skull-42-tac-team,The Rise of Red Skull,La Tiranía de Cráneo Rojo,42,Tac Team,Unidad táctica,Player,Aggression,Agresividad,https://marvelcdb.com/set/trors,https://es.marvelcdb.com/set/trors,,,unresolved
the-rise-of-red-skull-43-press-the-advantage,The Rise of Red Skull,La Tiranía de Cráneo Rojo,43,Press the Advantage,Aprovechar la ventaja,Player,Aggression,Agresividad,https://marvelcdb.com/set/trors,https://es.marvelcdb.com/set/trors,,,unresolved
the-rise-of-red-skull-44-piercing-strike,The Rise of Red Skull,La Tiranía de Cráneo Rojo,44,Piercing Strike,Golpe imparable,Player,Aggression,Agresividad,https://marvelcdb.com/set/trors,https://es.marvelcdb.com/set/trors,,,unresolved
the-rise-of-red-skull-45-spider-man-peter-parker,The Rise of Red Skull,La Tiranía de Cráneo Rojo,45,Spider-Man: Peter Parker,Spiderman: Peter Parker,Player,Justice,Justicia,https://marvelcdb.com/set/trors,https://es.marvelcdb.com/set/trors,,,unresolved
the-rise-of-red-skull-46-heroic-intuition,The Rise of Red Skull,La Tiranía de Cráneo Rojo,46,Heroic Intuition,Intuición heroica,Player,Justice,Justicia,https://marvelcdb.com/set/trors,https://es.marvelcdb.com/set/trors,,,unresolved
the-rise-of-red-skull-47-skilled-investigator,The Rise of Red Skull,La Tiranía de Cráneo Rojo,47,Skilled Investigator,Investigador sagaz,Player,Justice,Justicia,https://marvelcdb.com/set/trors,https://es.marvelcdb.com/set/trors,,,unresolved
the-rise-of-red-skull-48-interrogation-room,The Rise of Red Skull,La Tiranía de Cráneo Rojo,48,Interrogation Room,Sala de interrogatorios,Player,Justice,Justicia,https://marvelcdb.com/set/trors,https://es.marvelcdb.com/set/trors,,,unresolved
the-rise-of-red-skull-49-clear-the-area,The Rise of Red Skull,La Tiranía de Cráneo Rojo,49,Clear the Area,Despejar la zona,Player,Justice,Justicia,https://marvelcdb.com/set/trors,https://es.marvelcdb.com/set/trors,,,unresolved
the-rise-of-red-skull-50-energy,The Rise of Red Skull,La Tiranía de Cráneo Rojo,50,Energy,Energía,Player,Basic,Básica,https://marvelcdb.com/set/trors,https://es.marvelcdb.com/set/trors,,,unresolved
the-rise-of-red-skull-51-genius,The Rise of Red Skull,La Tiranía de Cráneo Rojo,51,Genius,Genio,Player,Basic,Básica,https://marvelcdb.com/set/trors,https://es.marvelcdb.com/set/trors,,,unresolved
the-rise-of-red-skull-52-strength,The Rise of Red Skull,La Tiranía de Cráneo Rojo,52,Strength,Fuerza,Player,Basic,Básica,https://marvelcdb.com/set/trors,https://es.marvelcdb.com/set/trors,,,unresolved
the-rise-of-red-skull-53-uncertain-loyalties,The Rise of Red Skull,La Tiranía de Cráneo Rojo,53,Uncertain Loyalties,Lealtad dudosa,Encounter,Spider-Woman Nemesis,Archienemigo de Spiderwoman,https://marvelcdb.com/set/trors,https://es.marvelcdb.com/set/trors,,,unresolved
the-rise-of-red-skull-54-the-viper,The Rise of Red Skull,La Tiranía de Cráneo Rojo,54,The Viper,Víbora,Encounter,Spider-Woman Nemesis,Archienemigo de Spiderwoman,https://marvelcdb.com/set/trors,https://es.marvelcdb.com/set/trors,,,unresolved
the-rise-of-red-skull-55-the-viper-s-ambition,The Rise of Red Skull,La Tiranía de Cráneo Rojo,55,The Viper's Ambition,La ambición de Víbora,Encounter,Spider-Woman Nemesis,Archienemigo de Spiderwoman,https://marvelcdb.com/set/trors,https://es.marvelcdb.com/set/trors,,,unresolved
the-rise-of-red-skull-56-hydra-regular,The Rise of Red Skull,La Tiranía de Cráneo Rojo,56,Hydra Regular,Tropa de Hydra,Encounter,Spider-Woman Nemesis,Archienemigo de Spiderwoman,https://marvelcdb.com/set/trors,https://es.marvelcdb.com/set/trors,,,unresolved
the-rise-of-red-skull-57-hail-hydra,The Rise of Red Skull,La Tiranía de Cráneo Rojo,57,Hail Hydra!,"¡Hail, Hydra!",Encounter,Spider-Woman Nemesis,Archienemigo de Spiderwoman,https://marvelcdb.com/set/trors,https://es.marvelcdb.com/set/trors,,,unresolved
the-rise-of-red-skull-58-crossbones-i,The Rise of Red Skull,La Tiranía de Cráneo Rojo,58,Crossbones (I),Calavera (I),Encounter,Crossbones,Calavera,https://marvelcdb.com/set/trors,https://es.marvelcdb.com/set/trors,,,unresolved
the-rise-of-red-skull-59-crossbones-ii,The Rise of Red Skull,La Tiranía de Cráneo Rojo,59,Crossbones (II),Calavera (II),Encounter,Crossbones,Calavera,https://marvelcdb.com/set/trors,https://es.marvelcdb.com/set/trors,,,unresolved
the-rise-of-red-skull-60-crossbones-iii,The Rise of Red Skull,La Tiranía de Cráneo Rojo,60,Crossbones (III),Calavera (III),Encounter,Crossbones,Calavera,https://marvelcdb.com/set/trors,https://es.marvelcdb.com/set/trors,,,unresolved
the-rise-of-red-skull-61-attack-on-mount-athena,The Rise of Red Skull,La Tiranía de Cráneo Rojo,61,Attack on Mount Athena,Ataque al monte Atenea,Encounter,Crossbones,Calavera,https://marvelcdb.com/set/trors,https://es.marvelcdb.com/set/trors,,,unresolved
the-rise-of-red-skull-62-the-infinity-stone,The Rise of Red Skull,La Tiranía de Cráneo Rojo,62,The Infinity Stone,La piedra del infinito,Encounter,Crossbones,Calavera,https://marvelcdb.com/set/trors,https://es.marvelcdb.com/set/trors,,,unresolved
the-rise-of-red-skull-63-the-getaway,The Rise of Red Skull,La Tiranía de Cráneo Rojo,63,The Getaway,La huida,Encounter,Crossbones,Calavera,https://marvelcdb.com/set/trors,https://es.marvelcdb.com/set/trors,,,unresolved
the-rise-of-red-skull-64-crossbones-machine-gun,The Rise of Red Skull,La Tiranía de Cráneo Rojo,64,Crossbones' Machine Gun,Ametralladora de Calavera,Encounter,Crossbones,Calavera,https://marvelcdb.com/set/trors,https://es.marvelcdb.com/set/trors,,,unresolved
the-rise-of-red-skull-65-crossbones-armor,The Rise of Red Skull,La Tiranía de Cráneo Rojo,65,Crossbones' Armor,Armadura de Calavera,Encounter,Crossbones,Calavera,https://marvelcdb.com/set/trors,https://es.marvelcdb.com/set/trors,,,unresolved
the-rise-of-red-skull-66-hydra-bomber,The Rise of Red Skull,La Tiranía de Cráneo Rojo,66,Hydra Bomber,Terrorista de Hydra,Encounter,Crossbones,Calavera,https://marvelcdb.com/set/trors,https://es.marvelcdb.com/set/trors,,,unresolved
the-rise-of-red-skull-67-full-auto,The Rise of Red Skull,La Tiranía de Cráneo Rojo,67,Full Auto,Fuego automático,Encounter,Crossbones,Calavera,https://marvelcdb.com/set/trors,https://es.marvelcdb.com/set/trors,,,unresolved
the-rise-of-red-skull-68-hard-as-nails,The Rise of Red Skull,La Tiranía de Cráneo Rojo,68,Hard as Nails,Duro de pelar,Encounter,Crossbones,Calavera,https://marvelcdb.com/set/trors,https://es.marvelcdb.com/set/trors,,,unresolved
the-rise-of-red-skull-69-raid-the-armory,The Rise of Red Skull,La Tiranía de Cráneo Rojo,69,Raid the Armory,Saquear el arsenal,Encounter,Crossbones,Calavera,https://marvelcdb.com/set/trors,https://es.marvelcdb.com/set/trors,,,unresolved
the-rise-of-red-skull-70-crossbones-assault,The Rise of Red Skull,La Tiranía de Cráneo Rojo,70,Crossbones' Assault,El ataque de Calavera,Encounter,Crossbones,Calavera,https://marvelcdb.com/set/trors,https://es.marvelcdb.com/set/trors,,,unresolved
the-rise-of-red-skull-71-cornered-staff,The Rise of Red Skull,La Tiranía de Cráneo Rojo,71,Cornered Staff,Personal acorralado,Encounter,Crossbones,Calavera,https://marvelcdb.com/set/trors,https://es.marvelcdb.com/set/trors,,,unresolved
the-rise-of-red-skull-72-laser-rifle,The Rise of Red Skull,La Tiranía de Cráneo Rojo,72,Laser Rifle,Fusil láser,Encounter,Experimental Weapons,Armas Experimentales,https://marvelcdb.com/set/trors,https://es.marvelcdb.com/set/trors,,,unresolved
the-rise-of-red-skull-73-energy-shield,The Rise of Red Skull,La Tiranía de Cráneo Rojo,73,Energy Shield,Escudo de energía,Encounter,Experimental Weapons,Armas Experimentales,https://marvelcdb.com/set/trors,https://es.marvelcdb.com/set/trors,,,unresolved
the-rise-of-red-skull-74-power-gauntlets,The Rise of Red Skull,La Tiranía de Cráneo Rojo,74,Power Gauntlets,Servopuños,Encounter,Experimental Weapons,Armas Experimentales,https://marvelcdb.com/set/trors,https://es.marvelcdb.com/set/trors,,,unresolved
the-rise-of-red-skull-75-exo-suit,The Rise of Red Skull,La Tiranía de Cráneo Rojo,75,Exo-Suit,Exoarmadura,Encounter,Experimental Weapons,Armas Experimentales,https://marvelcdb.com/set/trors,https://es.marvelcdb.com/set/trors,,,unresolved
the-rise-of-red-skull-76-absorbing-man-i,The Rise of Red Skull,La Tiranía de Cráneo Rojo,76,Absorbing Man (I),Hombre Absorbente (I),Encounter,Absorbing Man,Hombre absorbente,https://marvelcdb.com/set/trors,https://es.marvelcdb.com/set/trors,,,unresolved
the-rise-of-red-skull-77-absorbing-man-ii,The Rise of Red Skull,La Tiranía de Cráneo Rojo,77,Absorbing Man (II),Hombre Absorbente (II),Encounter,Absorbing Man,Hombre absorbente,https://marvelcdb.com/set/trors,https://es.marvelcdb.com/set/trors,,,unresolved
the-rise-of-red-skull-78-absorbing-man-iii,The Rise of Red Skull,La Tiranía de Cráneo Rojo,78,Absorbing Man (III),Hombre Absorbente (III),Encounter,Absorbing Man,Hombre absorbente,https://marvelcdb.com/set/trors,https://es.marvelcdb.com/set/trors,,,unresolved
the-rise-of-red-skull-79-none-shall-pass,The Rise of Red Skull,La Tiranía de Cráneo Rojo,79,None Shall Pass,Por aquí no pasa nadie,Encounter,Absorbing Man,Hombre absorbente,https://marvelcdb.com/set/trors,https://es.marvelcdb.com/set/trors,,,unresolved
the-rise-of-red-skull-80-dense-forest,The Rise of Red Skull,La Tiranía de Cráneo Rojo,80,Dense Forest,Bosque frondoso,Encounter,Absorbing Man,Hombre absorbente,https://marvelcdb.com/set/trors,https://es.marvelcdb.com/set/trors,,,unresolved
the-rise-of-red-skull-81-snowy-hillside,The Rise of Red Skull,La Tiranía de Cráneo Rojo,81,Snowy Hillside,Colina nevada,Encounter,Absorbing Man,Hombre absorbente,https://marvelcdb.com/set/trors,https://es.marvelcdb.com/set/trors,,,unresolved
the-rise-of-red-skull-82-rocky-outcrop,The Rise of Red Skull,La Tiranía de Cráneo Rojo,82,Rocky Outcrop,Promontorio rocoso,Encounter,Absorbing Man,Hombre absorbente,https://marvelcdb.com/set/trors,https://es.marvelcdb.com/set/trors,,,unresolved
the-rise-of-red-skull-83-abandoned-facility,The Rise of Red Skull,La Tiranía de Cráneo Rojo,83,Abandoned Facility,Complejo abandonado,Encounter,Absorbing Man,Hombre absorbente,https://marvelcdb.com/set/trors,https://es.marvelcdb.com/set/trors,,,unresolved
the-rise-of-red-skull-84-ball-and-chain,The Rise of Red Skull,La Tiranía de Cráneo Rojo,84,Ball and Chain,Bola y cadena,Encounter,Absorbing Man,Hombre absorbente,https://marvelcdb.com/set/trors,https://es.marvelcdb.com/set/trors,,,unresolved
the-rise-of-red-skull-85-stall-tactics,The Rise of Red Skull,La Tiranía de Cráneo Rojo,85,Stall Tactics,Tácticas dilatorias,Encounter,Absorbing Man,Hombre absorbente,https://marvelcdb.com/set/trors,https://es.marvelcdb.com/set/trors,,,unresolved
the-rise-of-red-skull-86-swinging-stone,The Rise of Red Skull,La Tiranía de Cráneo Rojo,86,Swinging Stone,Barrido pétreo,Encounter,Absorbing Man,Hombre absorbente,https://marvelcdb.com/set/trors,https://es.marvelcdb.com/set/trors,,,unresolved
the-rise-of-red-skull-87-steel-kick,The Rise of Red Skull,La Tiranía de Cráneo Rojo,87,Steel Kick,Patada de acero,Encounter,Absorbing Man,Hombre absorbente,https://marvelcdb.com/set/trors,https://es.marvelcdb.com/set/trors,,,unresolved
the-rise-of-red-skull-88-piercing-thorns,The Rise of Red Skull,La Tiranía de Cráneo Rojo,88,Piercing Thorns,Espinas perforantes,Encounter,Absorbing Man,Hombre absorbente,https://marvelcdb.com/set/trors,https://es.marvelcdb.com/set/trors,,,unresolved
the-rise-of-red-skull-89-omni-morph-duplication,The Rise of Red Skull,La Tiranía de Cráneo Rojo,89,Omni-Morph Duplication,Duplicación omnimórfica,Encounter,Absorbing Man,Hombre absorbente,https://marvelcdb.com/set/trors,https://es.marvelcdb.com/set/trors,,,unresolved
the-rise-of-red-skull-90-icy-grip,The Rise of Red Skull,La Tiranía de Cráneo Rojo,90,Icy Grip,Presa gélida,Encounter,Absorbing Man,Hombre absorbente,https://marvelcdb.com/set/trors,https://es.marvelcdb.com/set/trors,,,unresolved
the-rise-of-red-skull-91-avalanche,The Rise of Red Skull,La Tiranía de Cráneo Rojo,91,Avalanche!,¡Avalancha!,Encounter,Absorbing Man,Hombre absorbente,https://marvelcdb.com/set/trors,https://es.marvelcdb.com/set/trors,,,unresolved
the-rise-of-red-skull-92-super-absorbing-power,The Rise of Red Skull,La Tiranía de Cráneo Rojo,92,Super Absorbing Power,Poder de absorción superior,Encounter,Absorbing Man,Hombre absorbente,https://marvelcdb.com/set/trors,https://es.marvelcdb.com/set/trors,,,unresolved
the-rise-of-red-skull-93-taskmaster-i,The Rise of Red Skull,La Tiranía de Cráneo Rojo,93,Taskmaster (I),Supervisor (I),Encounter,Taskmaster,Supervisor,https://marvelcdb.com/set/trors,https://es.marvelcdb.com/set/trors,,,unresolved
the-rise-of-red-skull-94-taskmaster-ii,The Rise of Red Skull,La Tiranía de Cráneo Rojo,94,Taskmaster (II),Supervisor (II),Encounter,Taskmaster,Supervisor,https://marvelcdb.com/set/trors,https://es.marvelcdb.com/set/trors,,,unresolved
the-rise-of-red-skull-95-taskmaster-iii,The Rise of Red Skull,La Tiranía de Cráneo Rojo,95,Taskmaster (III),Supervisor (III),Encounter,Taskmaster,Supervisor,https://marvelcdb.com/set/trors,https://es.marvelcdb.com/set/trors,,,unresolved
the-rise-of-red-skull-96-hunting-down-heroes,The Rise of Red Skull,La Tiranía de Cráneo Rojo,96,Hunting Down Heroes,A la caza del héroe,Encounter,Taskmaster,Supervisor,https://marvelcdb.com/set/trors,https://es.marvelcdb.com/set/trors,,,unresolved
the-rise-of-red-skull-97-moon-knight-marc-spector,The Rise of Red Skull,La Tiranía de Cráneo Rojo,97,Moon Knight: Marc Spector,Caballero Luna: Marc Spector,Encounter,Taskmaster,Supervisor,https://marvelcdb.com/set/trors,https://es.marvelcdb.com/set/trors,,,unresolved
the-rise-of-red-skull-98-shang-chi,The Rise of Red Skull,La Tiranía de Cráneo Rojo,98,Shang-Chi,Shang-Chi,Encounter,Taskmaster,Supervisor,https://marvelcdb.com/set/trors,https://es.marvelcdb.com/set/trors,,,unresolved
the-rise-of-red-skull-99-white-tiger-angela-del-toro,The Rise of Red Skull,La Tiranía de Cráneo Rojo,99,White Tiger: Angela Del Toro,Tigre Blanco: Angela Del Toro,Encounter,Taskmaster,Supervisor,https://marvelcdb.com/set/trors,https://es.marvelcdb.com/set/trors,,,unresolved
the-rise-of-red-skull-100-elektra,The Rise of Red Skull,La Tiranía de Cráneo Rojo,100,Elektra,Elektra,Encounter,Taskmaster,Supervisor,https://marvelcdb.com/set/trors,https://es.marvelcdb.com/set/trors,,,unresolved
the-rise-of-red-skull-101-hydra-hunter,The Rise of Red Skull,La Tiranía de Cráneo Rojo,101,Hydra Hunter,Cazador de Hydra,Encounter,Taskmaster,Supervisor,https://marvelcdb.com/set/trors,https://es.marvelcdb.com/set/trors,,,unresolved
the-rise-of-red-skull-102-taskmaster-s-sword,The Rise of Red Skull,La Tiranía de Cráneo Rojo,102,Taskmaster's Sword,Espada del Supervisor,Encounter,Taskmaster,Supervisor,https://marvelcdb.com/set/trors,https://es.marvelcdb.com/set/trors,,,unresolved
the-rise-of-red-skull-103-taskmaster-s-shield,The Rise of Red Skull,La Tiranía de Cráneo Rojo,103,Taskmaster's Shield,Escudo del Supervisor,Encounter,Taskmaster,Supervisor,https://marvelcdb.com/set/trors,https://es.marvelcdb.com/set/trors,,,unresolved
the-rise-of-red-skull-104-photographic-reflexes,The Rise of Red Skull,La Tiranía de Cráneo Rojo,104,Photographic Reflexes,Reflejos fotográficos,Encounter,Taskmaster,Supervisor,https://marvelcdb.com/set/trors,https://es.marvelcdb.com/set/trors,,,unresolved
the-rise-of-red-skull-105-mimicry,The Rise of Red Skull,La Tiranía de Cráneo Rojo,105,Mimicry,Imitación,Encounter,Taskmaster,Supervisor,https://marvelcdb.com/set/trors,https://es.marvelcdb.com/set/trors,,,unresolved
the-rise-of-red-skull-106-hunted-by-hydra,The Rise of Red Skull,La Tiranía de Cráneo Rojo,106,Hunted by Hydra,Perseguidos por Hydra,Encounter,Taskmaster,Supervisor,https://marvelcdb.com/set/trors,https://es.marvelcdb.com/set/trors,,,unresolved
the-rise-of-red-skull-107-captured-by-hydra,The Rise of Red Skull,La Tiranía de Cráneo Rojo,107,Captured by Hydra,Capturado por Hydra,Encounter,Taskmaster,Supervisor,https://marvelcdb.com/set/trors,https://es.marvelcdb.com/set/trors,,,unresolved
the-rise-of-red-skull-108-taskmaster-s-training-camp,The Rise of Red Skull,La Tiranía de Cráneo Rojo,108,Taskmaster's Training Camp,Campamento de instrucción del Supervisor,Encounter,Taskmaster,Supervisor,https://marvelcdb.com/set/trors,https://es.marvelcdb.com/set/trors,,,unresolved
the-rise-of-red-skull-109-zola-i,The Rise of Red Skull,La Tiranía de Cráneo Rojo,109,Zola (I),Zola (I),Encounter,Zola,Zola,https://marvelcdb.com/set/trors,https://es.marvelcdb.com/set/trors,,,unresolved
the-rise-of-red-skull-110-zola-ii,The Rise of Red Skull,La Tiranía de Cráneo Rojo,110,Zola (II),Zola (II),Encounter,Zola,Zola,https://marvelcdb.com/set/trors,https://es.marvelcdb.com/set/trors,,,unresolved
the-rise-of-red-skull-111-zola-iii,The Rise of Red Skull,La Tiranía de Cráneo Rojo,111,Zola (III),Zola (III),Encounter,Zola,Zola,https://marvelcdb.com/set/trors,https://es.marvelcdb.com/set/trors,,,unresolved
the-rise-of-red-skull-112-the-island-of-dr-zola,The Rise of Red Skull,La Tiranía de Cráneo Rojo,112,The Island of Dr. Zola,La isla del doctor Zola,Encounter,Zola,Zola,https://marvelcdb.com/set/trors,https://es.marvelcdb.com/set/trors,,,unresolved
the-rise-of-red-skull-113-the-mad-doctor,The Rise of Red Skull,La Tiranía de Cráneo Rojo,113,The Mad Doctor,El científico loco,Encounter,Zola,Zola,https://marvelcdb.com/set/trors,https://es.marvelcdb.com/set/trors,,,unresolved
the-rise-of-red-skull-114-ultimate-bio-servant,The Rise of Red Skull,La Tiranía de Cráneo Rojo,114,Ultimate Bio-Servant,Biosiervo definitivo,Encounter,Zola,Zola,https://marvelcdb.com/set/trors,https://es.marvelcdb.com/set/trors,,,unresolved
the-rise-of-red-skull-115-zola-s-mutate,The Rise of Red Skull,La Tiranía de Cráneo Rojo,115,Zola's Mutate,Mutado de Zola,Encounter,Zola,Zola,https://marvelcdb.com/set/trors,https://es.marvelcdb.com/set/trors,,,unresolved
the-rise-of-red-skull-116-berserk-mutate,The Rise of Red Skull,La Tiranía de Cráneo Rojo,116,Berserk Mutate,Mutado rabioso,Encounter,Zola,Zola,https://marvelcdb.com/set/trors,https://es.marvelcdb.com/set/trors,,,unresolved
the-rise-of-red-skull-117-defensive-programming,The Rise of Red Skull,La Tiranía de Cráneo Rojo,117,Defensive Programming,Programación defensiva,Encounter,Zola,Zola,https://marvelcdb.com/set/trors,https://es.marvelcdb.com/set/trors,,,unresolved
the-rise-of-red-skull-118-pain-inhibitors,The Rise of Red Skull,La Tiranía de Cráneo Rojo,118,Pain Inhibitors,Inhibidores del dolor,Encounter,Zola,Zola,https://marvelcdb.com/set/trors,https://es.marvelcdb.com/set/trors,,,unresolved
the-rise-of-red-skull-119-neurological-implants,The Rise of Red Skull,La Tiranía de Cráneo Rojo,119,Neurological Implants,Implantes neurológicos,Encounter,Zola,Zola,https://marvelcdb.com/set/trors,https://es.marvelcdb.com/set/trors,,,unresolved
the-rise-of-red-skull-120-mind-ray,The Rise of Red Skull,La Tiranía de Cráneo Rojo,120,Mind Ray,Rayo mental,Encounter,Zola,Zola,https://marvelcdb.com/set/trors,https://es.marvelcdb.com/set/trors,,,unresolved
the-rise-of-red-skull-121-technological-enhancements,The Rise of Red Skull,La Tiranía de Cráneo Rojo,121,Technological Enhancements,Mejoras tecnológicas,Encounter,Zola,Zola,https://marvelcdb.com/set/trors,https://es.marvelcdb.com/set/trors,,,unresolved
the-rise-of-red-skull-122-hydra-prison,The Rise of Red Skull,La Tiranía de Cráneo Rojo,122,Hydra Prison,Prisión de Hydra,Encounter,Zola,Zola,https://marvelcdb.com/set/trors,https://es.marvelcdb.com/set/trors,,,unresolved
the-rise-of-red-skull-123-test-subjects,The Rise of Red Skull,La Tiranía de Cráneo Rojo,123,Test Subjects,Sujetos de prueba,Encounter,Zola,Zola,https://marvelcdb.com/set/trors,https://es.marvelcdb.com/set/trors,,,unresolved
the-rise-of-red-skull-124-zola-s-experiments,The Rise of Red Skull,La Tiranía de Cráneo Rojo,124,Zola's Experiments,Los experimentos de Zola,Encounter,Zola,Zola,https://marvelcdb.com/set/trors,https://es.marvelcdb.com/set/trors,,,unresolved
the-rise-of-red-skull-125-red-skull-i,The Rise of Red Skull,La Tiranía de Cráneo Rojo,125,Red Skull (I),Cráneo Rojo (I),Encounter,Red Skull,Cráneo Rojo,https://marvelcdb.com/set/trors,https://es.marvelcdb.com/set/trors,,,unresolved
the-rise-of-red-skull-126-red-skull-ii,The Rise of Red Skull,La Tiranía de Cráneo Rojo,126,Red Skull (II),Cráneo Rojo (II),Encounter,Red Skull,Cráneo Rojo,https://marvelcdb.com/set/trors,https://es.marvelcdb.com/set/trors,,,unresolved
the-rise-of-red-skull-127-red-skull-iii,The Rise of Red Skull,La Tiranía de Cráneo Rojo,127,Red Skull (III),Cráneo Rojo (III),Encounter,Red Skull,Cráneo Rojo,https://marvelcdb.com/set/trors,https://es.marvelcdb.com/set/trors,,,unresolved
the-rise-of-red-skull-128-the-rise-of-red-skull,The Rise of Red Skull,La Tiranía de Cráneo Rojo,128,The Rise of Red Skull,La tiranía de Cráneo Rojo,Encounter,Red Skull,Cráneo Rojo,https://marvelcdb.com/set/trors,https://es.marvelcdb.com/set/trors,,,unresolved
the-rise-of-red-skull-129-new-world-hydra,The Rise of Red Skull,La Tiranía de Cráneo Rojo,129,New World Hydra,El nuevo mundo de Hydra,Encounter,Red Skull,Cráneo Rojo,https://marvelcdb.com/set/trors,https://es.marvelcdb.com/set/trors,,,unresolved
the-rise-of-red-skull-130-the-sleeper,The Rise of Red Skull,La Tiranía de Cráneo Rojo,130,The Sleeper,El Durmiente,Encounter,Red Skull,Cráneo Rojo,https://marvelcdb.com/set/trors,https://es.marvelcdb.com/set/trors,,,unresolved
the-rise-of-red-skull-131-hydra-exo-soldier,The Rise of Red Skull,La Tiranía de Cráneo Rojo,131,Hydra Exo-Soldier,Soldado de Hydra con exoarmadura,Encounter,Red Skull,Cráneo Rojo,https://marvelcdb.com/set/trors,https://es.marvelcdb.com/set/trors,,,unresolved
the-rise-of-red-skull-132-red-skull-s-luger,The Rise of Red Skull,La Tiranía de Cráneo Rojo,132,Red Skull's Luger,Luger de Cráneo Rojo,Encounter,Red Skull,Cráneo Rojo,https://marvelcdb.com/set/trors,https://es.marvelcdb.com/set/trors,,,unresolved
the-rise-of-red-skull-133-red-skull-s-right-hook,The Rise of Red Skull,La Tiranía de Cráneo Rojo,133,Red Skull's Right Hook,Derechazo de Cráneo Rojo,Encounter,Red Skull,Cráneo Rojo,https://marvelcdb.com/set/trors,https://es.marvelcdb.com/set/trors,,,unresolved
the-rise-of-red-skull-134-master-strategist,The Rise of Red Skull,La Tiranía de Cráneo Rojo,134,Master Strategist,Estratega consumado,Encounter,Red Skull,Cráneo Rojo,https://marvelcdb.com/set/trors,https://es.marvelcdb.com/set/trors,,,unresolved
the-rise-of-red-skull-135-twisted-reality,The Rise of Red Skull,La Tiranía de Cráneo Rojo,135,Twisted Reality,Realidad distorsionada,Encounter,Red Skull,Cráneo Rojo,https://marvelcdb.com/set/trors,https://es.marvelcdb.com/set/trors,,,unresolved
the-rise-of-red-skull-136-bitter-rival,The Rise of Red Skull,La Tiranía de Cráneo Rojo,136,Bitter Rival,Enemigo acérrimo,Encounter,Red Skull,Cráneo Rojo,https://marvelcdb.com/set/trors,https://es.marvelcdb.com/set/trors,,,unresolved
the-rise-of-red-skull-137-spreading-lies,The Rise of Red Skull,La Tiranía de Cráneo Rojo,137,Spreading Lies,Difundir mentiras,Encounter,Red Skull,Cráneo Rojo,https://marvelcdb.com/set/trors,https://es.marvelcdb.com/set/trors,,,unresolved
the-rise-of-red-skull-138-infinite-power,The Rise of Red Skull,La Tiranía de Cráneo Rojo,138,Infinite Power,Poder infinito,Encounter,Red Skull,Cráneo Rojo,https://marvelcdb.com/set/trors,https://es.marvelcdb.com/set/trors,,,unresolved
the-rise-of-red-skull-139-the-red-house,The Rise of Red Skull,La Tiranía de Cráneo Rojo,139,The Red House,La Casa Roja,Encounter,Red Skull,Cráneo Rojo,https://marvelcdb.com/set/trors,https://es.marvelcdb.com/set/trors,,,unresolved
the-rise-of-red-skull-140-the-sleeper-awakened,The Rise of Red Skull,La Tiranía de Cráneo Rojo,140,The Sleeper Awakened,El Durmiente ha despertado,Encounter,Red Skull,Cráneo Rojo,https://marvelcdb.com/set/trors,https://es.marvelcdb.com/set/trors,,,unresolved
the-rise-of-red-skull-141-prison-camps,The Rise of Red Skull,La Tiranía de Cráneo Rojo,141,Prison Camps,Campos de concentración,Encounter,Red Skull,Cráneo Rojo,https://marvelcdb.com/set/trors,https://es.marvelcdb.com/set/trors,,,unresolved
the-rise-of-red-skull-142-censor-the-past,The Rise of Red Skull,La Tiranía de Cráneo Rojo,142,Censor the Past,Censurar el pasado,Encounter,Red Skull,Cráneo Rojo,https://marvelcdb.com/set/trors,https://es.marvelcdb.com/set/trors,,,unresolved
the-rise-of-red-skull-143-hydra-reinforcements,The Rise of Red Skull,La Tiranía de Cráneo Rojo,143,Hydra Reinforcements,Refuerzos de Hydra,Encounter,Red Skull,Cráneo Rojo,https://marvelcdb.com/set/trors,https://es.marvelcdb.com/set/trors,,,unresolved
the-rise-of-red-skull-144-mass-chaos,The Rise of Red Skull,La Tiranía de Cráneo Rojo,144,Mass Chaos,Caos generalizado,Encounter,Red Skull,Cráneo Rojo,https://marvelcdb.com/set/trors,https://es.marvelcdb.com/set/trors,,,unresolved
the-rise-of-red-skull-145-hydra-flame-soldier,The Rise of Red Skull,La Tiranía de Cráneo Rojo,145,Hydra Flame-Soldier,Soldado de Hydra con lanzallamas,Encounter,Hydra Assault,Asalto de Hydra,https://marvelcdb.com/set/trors,https://es.marvelcdb.com/set/trors,,,unresolved
the-rise-of-red-skull-146-hydra-jet-trooper,The Rise of Red Skull,La Tiranía de Cráneo Rojo,146,Hydra Jet-Trooper,Soldado colador de Hydra,Encounter,Hydra Assault,Asalto de Hydra,https://marvelcdb.com/set/trors,https://es.marvelcdb.com/set/trors,,,unresolved
the-rise-of-red-skull-147-hail-hydra,The Rise of Red Skull,La Tiranía de Cráneo Rojo,147,Hail Hydra!,"¡Hail, Hydra!",Encounter,Hydra Assault,Asalto de Hydra,https://marvelcdb.com/set/trors,https://es.marvelcdb.com/set/trors,,,unresolved
the-rise-of-red-skull-148-combat-knife,The Rise of Red Skull,La Tiranía de Cráneo Rojo,148,Combat Knife,Cuchillo de combate,Encounter,Weapon Master,Maestro de armas,https://marvelcdb.com/set/trors,https://es.marvelcdb.com/set/trors,,,unresolved
the-rise-of-red-skull-149-hydra-sidearm,The Rise of Red Skull,La Tiranía de Cráneo Rojo,149,Hydra Sidearm,Arma corta de Hydra,Encounter,Weapon Master,Maestro de armas,https://marvelcdb.com/set/trors,https://es.marvelcdb.com/set/trors,,,unresolved
the-rise-of-red-skull-150-weapon-master,The Rise of Red Skull,La Tiranía de Cráneo Rojo,150,Weapon Master,Maestro de armas,Encounter,Weapon Master,Maestro de armas,https://marvelcdb.com/set/trors,https://es.marvelcdb.com/set/trors,,,unresolved
the-rise-of-red-skull-151-concussion-grenade,The Rise of Red Skull,La Tiranía de Cráneo Rojo,151,Concussion Grenade,Granada de conmoción,Encounter,Weapon Master,Maestro de armas,https://marvelcdb.com/set/trors,https://es.marvelcdb.com/set/trors,,,unresolved
the-rise-of-red-skull-152-hydra-regular,The Rise of Red Skull,La Tiranía de Cráneo Rojo,152,Hydra Regular,Tropa de Hydra,Encounter,Hydra Patrol,Patrulla de Hydra,https://marvelcdb.com/set/trors,https://es.marvelcdb.com/set/trors,,,unresolved
the-rise-of-red-skull-153-hydra-soldier,The Rise of Red Skull,La Tiranía de Cráneo Rojo,153,Hydra Soldier,Soldado de Hydra,Encounter,Hydra Patrol,Patrulla de Hydra,https://marvelcdb.com/set/trors,https://es.marvelcdb.com/set/trors,,,unresolved
the-rise-of-red-skull-154-hydra-patrol,The Rise of Red Skull,La Tiranía de Cráneo Rojo,154,Hydra Patrol,Patrulla de Hydra,Encounter,Hydra Patrol,Patrulla de Hydra,https://marvelcdb.com/set/trors,https://es.marvelcdb.com/set/trors,,,unresolved
the-rise-of-red-skull-155-adrenal-stims,The Rise of Red Skull,La Tiranía de Cráneo Rojo,155,Adrenal Stims,Estimulantes adrenales,Campaign,Hydra Campaign,Campaña de Hydra,https://marvelcdb.com/set/trors,https://es.marvelcdb.com/set/trors,,,unresolved
the-rise-of-red-skull-156-tactical-scanner,The Rise of Red Skull,La Tiranía de Cráneo Rojo,156,Tactical Scanner,Escáner táctico,Campaign,Hydra Campaign,Campaña de Hydra,https://marvelcdb.com/set/trors,https://es.marvelcdb.com/set/trors,,,unresolved
the-rise-of-red-skull-157-emergency-teleporter,The Rise of Red Skull,La Tiranía de Cráneo Rojo,157,Emergency Teleporter,Teletransportador de emergencia,Campaign,Hydra Campaign,Campaña de Hydra,https://marvelcdb.com/set/trors,https://es.marvelcdb.com/set/trors,,,unresolved
the-rise-of-red-skull-158-laser-cannon,The Rise of Red Skull,La Tiranía de Cráneo Rojo,158,Laser Cannon,Cañón láser,Campaign,Hydra Campaign,Campaña de Hydra,https://marvelcdb.com/set/trors,https://es.marvelcdb.com/set/trors,,,unresolved
the-rise-of-red-skull-159-basic-thwart-upgrade,The Rise of Red Skull,La Tiranía de Cráneo Rojo,159,Basic Thwart Upgrade,Mejora básica de Intervención,Campaign,Hydra Campaign,Campaña de Hydra,https://marvelcdb.com/set/trors,https://es.marvelcdb.com/set/trors,,,unresolved
the-rise-of-red-skull-160-basic-attack-upgrade,The Rise of Red Skull,La Tiranía de Cráneo Rojo,160,Basic Attack Upgrade,Mejora básica de Ataque,Campaign,Hydra Campaign,Campaña de Hydra,https://marvelcdb.com/set/trors,https://es.marvelcdb.com/set/trors,,,unresolved
the-rise-of-red-skull-161-basic-defense-upgrade,The Rise of Red Skull,La Tiranía de Cráneo Rojo,161,Basic Defense Upgrade,Mejora básica de Defensa,Campaign,Hydra Campaign,Campaña de Hydra,https://marvelcdb.com/set/trors,https://es.marvelcdb.com/set/trors,,,unresolved
the-rise-of-red-skull-162-basic-recovery-upgrade,The Rise of Red Skull,La Tiranía de Cráneo Rojo,162,Basic Recovery Upgrade,Mejora básica de Recuperación,Campaign,Hydra Campaign,Campaña de Hydra,https://marvelcdb.com/set/trors,https://es.marvelcdb.com/set/trors,,,unresolved
the-rise-of-red-skull-163-zola-s-algorithm,The Rise of Red Skull,La Tiranía de Cráneo Rojo,163,Zola's Algorithm,Algoritmo de Zola,Campaign,Expert Campaign,Campaña en Experto,https://marvelcdb.com/set/trors,https://es.marvelcdb.com/set/trors,,,unresolved
the-rise-of-red-skull-164-medical-emergency,The Rise of Red Skull,La Tiranía de Cráneo Rojo,164,Medical Emergency,Emergencia médica,Campaign,Expert Campaign,Campaña en Experto,https://marvelcdb.com/set/trors,https://es.marvelcdb.com/set/trors,,,unresolved
the-rise-of-red-skull-165-martial-law,The Rise of Red Skull,La Tiranía de Cráneo Rojo,165,Martial Law,Ley marcial,Campaign,Expert Campaign,Campaña en Experto,https://marvelcdb.com/set/trors,https://es.marvelcdb.com/set/trors,,,unresolved
the-rise-of-red-skull-166-anti-hero-propaganda,The Rise of Red Skull,La Tiranía de Cráneo Rojo,166,Anti-Hero Propaganda,Propaganda antiheroica,Campaign,Expert Campaign,Campaña en Experto,https://marvelcdb.com/set/trors,https://es.marvelcdb.com/set/trors,,,unresolved
